調味名稱,攤位,攤商名稱,品牌,來源(產地),夜市名稱,_id
薑,中華路二段315巷口,正宗福州麵,青禾商行,臺北市萬華區國興路52號1樓(青年公園附近),南機場夜市,1
黑糖,中華路二段307-309巷間,黑嚕嚕粉圓,黑嚕嚕粉圓店,台中市大里區仁德里四維街29巷15號1樓,南機場夜市,2
冰糖,中華路二段309-311巷間,肉羹涼麵,台灣糖業股份有限公司,台南市仁德區田厝里文華路2段326號,南機場夜市,3
香油,中華路二段309-311巷間,肉羹涼麵,辰邦股份有限公司,新北市新莊區化成路403巷47號,南機場夜市,4
醬油,中華路二段309-311巷間,肉羹涼麵,金蘭食品股份有限公司,桃園市大溪區介壽路236號,南機場夜市,5
鹽,中華路二段309-311巷間,肉羹涼麵,台鹽實業股份有限公司,苗栗縣通霄鎮內島里122號,南機場夜市,6
胡椒,中華路二段307-309巷間,天品滷味,小磨坊國際貿易股份有限公司,台中市西屯區工業區一路70號7樓之1,南機場夜市,7
香油,中華路二段307-309巷間,天品滷味,北斗馨油股份有限公司,彰化縣北斗鎮地政路326之1號,南機場夜市,8
辣椒,中華路二段307-309巷間,天品滷味,自製,自製,南機場夜市,9
糖,中華路二段307-309巷間,天品滷味,台灣糖業股份有限公司,台南市仁德區田厝里文華路2段326號,南機場夜市,10
鹽,中華路二段307-309巷間,天品滷味,台鹽實業股份有限公司,苗栗縣通霄鎮內島里122號,南機場夜市,11
沙拉油,中華路二段307-311巷間,厚道丼飯,美食家食材通路股份有限公司,新北市五股區成泰路二段185-2號,南機場夜市,12
番茄醬,中華路二段307-311巷間,厚道丼飯,台灣可果美股份有限公司,台南市善化區小新營394號,南機場夜市,13
糖,中華路二段307-311巷間,厚道丼飯,台灣糖業股份有限公司,台南市仁德區田厝里文華路2段326號,南機場夜市,14
醬油,中華路二段307-311巷間,厚道丼飯,味全食品工業股份有限公司,台北市中山區松江路125號,南機場夜市,15
鹽,中華路二段307-311巷間,厚道丼飯,台鹽實業股份有限公司,苗栗縣通霄鎮內島里122號,南機場夜市,16
沙拉油,中華路二段307-313巷間,東山鴨頭,美食家,台南市官田區工業西路32號,南機場夜市,17
胡椒粉,中華路二段307-313巷間,東山鴨頭,盛祿隆實業有限公司,高雄大寮區濃公路256巷41號,南機場夜市,18
糖,中華路二段307-313巷間,東山鴨頭,台灣糖業股份有限公司,台南市仁德區田厝里文華路2段326號,南機場夜市,19
鹽,中華路二段307-313巷間,東山鴨頭,臺鹽實業股份有限公司,苗栗縣通霄鎮內島里122號,南機場夜市,20
麵,92,陳品,無品牌,台灣,士林觀光夜市,3302
砂糖,中華路二段307巷,罔市手工粉圓,罔市手工粉圓加盟店,桃園市中壢區合浦街77號,南機場夜市,21
黑糖,中華路二段307巷,罔市手工粉圓,罔市手工粉圓加盟店,桃園市中壢區合浦街77號,南機場夜市,22
沙拉油,中華路二段307-309巷間,深海旗魚串,美食家食材通路股份有限公司,台南市安平區永華路二段373號,南機場夜市,23
哇沙米,中華路二段307-309巷間,深海旗魚串,合將整合行銷股份有限公司,臺北市內湖區基明路35巷16號8F之4,南機場夜市,24
胡椒粉,中華路二段307-309巷間,深海旗魚串,濟生股份有限公司,台北市大同區安西街116號,南機場夜市,25
辣椒醬,中華路二段307-309巷間,深海旗魚串,松芳醬園,屏東縣屏東市復興南路一段115號,南機場夜市,26
糖,中華路二段307-309巷間,深海旗魚串,台灣糖業股份有限公司,台南市仁德區田厝里文華路2段326號,南機場夜市,27
醬油膏,中華路二段307-309巷間,深海旗魚串,松芳醬園,屏東縣屏東市復興南路一段115號,南機場夜市,28
沙拉油,中華路二段307-309巷間,美珍越南,美食家食材通路股份有限公司,台南市安平區永華路二段373號,南機場夜市,29
花生醬,中華路二段307-309巷間,美珍越南,美華越南雜貨店,新北市三重區自強路二段40巷20號,南機場夜市,30
魚露,中華路二段307-309巷間,美珍越南,美華越南雜貨店,新北市三重區自強路二段40巷20號,南機場夜市,31
鹽,中華路二段307-309巷間,美珍越南,台鹽實業股份有限公司,苗栗縣通霄鎮內島里122號,南機場夜市,32
沙拉油,中華路二段307-309巷間,大腸包小腸,福壽實業股份有限公司,台中市沙鹿區沙田路45號,南機場夜市,33
香油,中華路二段307-309巷間,大腸包小腸,富味鄉食品股份有限公司,新北市五股區五權路53號,南機場夜市,34
糖,中華路二段307-309巷間,大腸包小腸,台灣糖業股份有限公司,台南市仁德區田厝里文華路2段326號,南機場夜市,35
醬油,中華路二段307-309巷間,大腸包小腸,新亞醬園,新北市蘆洲區長安街285巷18號1樓,南機場夜市,36
鹽,中華路二段307-309巷間,大腸包小腸,台鹽實業股份有限公司,苗栗縣通霄鎮內島里122號,南機場夜市,37
糖,廣州街235號路中,台灣人燒仙草,台灣糖業股份有限公司,台南市仁德區田厝里文華路2段326號,廣州街觀光夜市,38
糖,廣州街200號,仙草冰,台灣糖業股份有限公司,台南市仁德區田厝里文華路2段326號,廣州街觀光夜市,39
醬油,廣州街200號,豬血糕,金蘭食品股份有限公司,桃園市大溪區介壽路236號,廣州街觀光夜市,40
芝麻粉,饒河街10攤位,狀元糕,點點雜糧,新北市三重區雙園街57巷5號,饒河街觀光夜市,63
糖,廣州街241號,桃鳳湯,台灣糖業股份有限公司,台南市仁德區田厝里文華路2段326號,廣州街觀光夜市,41
醬油,廣州街241號路中,玉米竹竹烤玉米,金蘭食品股份有限公司,桃園市大溪區介壽路236號,廣州街觀光夜市,42
鹽,士林夜市地上一樓206攤,台灣水果,台鹽實業股份有限公司?,苗栗縣通霄鎮內島里122號,士林觀光夜市,43
海苔,士林夜市慈諴宮對面,冠魚蛋小屋,冠魚蛋小屋,台北市士林區大南路(士林廟口前),士林觀光夜市,44
檸檬鹽,士林夜市慈諴宮對面,冠魚蛋小屋,永芳香料食品加工所,台南市南區永成路三段103巷1號,士林觀光夜市,45
椒鹽,士林夜市慈諴宮對面,士林廟口我豪蝦,福記食品有限公司,新竹縣竹北市泰和里中華路692號1樓,士林觀光夜市,46
鹽,士林夜市慈諴宮對面,士林廟口我豪蝦,台鹽實業股份有限公司,苗栗縣通霄鎮內島里122號,士林觀光夜市,47
鹽,士林夜市地上一樓,佳佳實業,台鹽實業股份有限公司,苗栗縣通霄鎮內島里122號,士林觀光夜市,48
孜然粉,文山區景文街75號,大漢草原新疆羊肉串,龍源中藥行,台北市大同區迪化街一段172號,景美夜市,49
沙拉油,文山區景文街75號,大漢草原新疆羊肉串,佳格食品股份有限公司,台北市大安區仁愛路三段136號8樓801室,景美夜市,50
辣椒粉,文山區景文街75號,大漢草原新疆羊肉串,龍源中藥行,台北市大同區迪化街一段172號,景美夜市,51
鹽,文山區景文街75號,大漢草原新疆羊肉串,台鹽實業股份有限公司,苗栗縣通霄鎮內島里122號,景美夜市,52
生辣椒,文山區景文街43號對面,瘋吃逢甲大腸包小腸,智光市場,新北市永和區中正路與民享街交叉口,景美夜市,53
哇沙米,文山區景文街43號對面,瘋吃逢甲大腸包小腸,愛買量販店-景美愛買店,台北市文山區景中街30巷12號,景美夜市,54
黑胡椒,文山區景文街43號對面,瘋吃逢甲大腸包小腸,智光市場,新北市永和區中正路與民享街交叉口,景美夜市,55
糖,文山區景文街43號對面,瘋吃逢甲大腸包小腸,台灣糖業股份有限公司,台南市仁德區田厝里文華路2段326號,景美夜市,56
鹽,文山區景文街43號對面,瘋吃逢甲大腸包小腸,台鹽實業股份有限公司,苗栗縣通霄鎮內島里122號,景美夜市,57
沙拉油,文山區景美街81號,好口味蔥油餅,美食家食材通路股份有限公司,台南市安平區永華路二段373號,景美夜市,58
辣椒醬,文山區景美街81號,好口味蔥油餅,自製,台灣,景美夜市,59
醬油膏,文山區景美街81號,好口味蔥油餅,三珍醬油工廠,雲林縣新街路40號,景美夜市,60
鹽,文山區景美街81號,好口味蔥油餅,台鹽實業股份有限公司?,台南市南區健康路1段297號,景美夜市,61
糖,文山區景美街36號,景美廖家古早味雞蛋糕,台灣糖業股份有限公司,台南市仁德區田厝里文華路2段326號,景美夜市,62
花生粉,饒河街10攤位,狀元糕,點點雜糧,新北市三重區雙園街57巷5號,饒河街觀光夜市,64
糖,饒河街10攤位,狀元糕,台灣糖業股份有限公司,台南市仁德區田厝里文華路2段326號,饒河街觀光夜市,65
胡椒粉,饒河街23號攤位,永哥爆漿好吃雞腿捲,老公仔標(統隆企業有限公司),台北市北投區立德路121巷18號,饒河街觀光夜市,66
沙拉油,饒河街25號攤位,現炸魷魚船,美食家食材通路股份有限公司,台南市安平區永華路二段373號,饒河街觀光夜市,67
芥末,饒河街25號攤位,現炸魷魚船,現炸魷魚船(臺中總店),臺中市北屯區經貿一路168巷225號,饒河街觀光夜市,68
胡椒,饒河街25號攤位,現炸魷魚船,現炸魷魚船(臺中總店),臺中市北屯區經貿一路168巷225號,饒河街觀光夜市,69
泰式酸辣醬,饒河街25號攤位,現炸魷魚船,現炸魷魚船(臺中總店),臺中市北屯區經貿一路168巷225號,饒河街觀光夜市,70
胡椒粉,饒河街26攤位,北極螺,天裕行(其美有限公司),台北市信義區松山路156之1號,饒河街觀光夜市,71
辣粉,饒河街26攤位,北極螺,天裕行(其美有限公司),台北市信義區松山路156之1號,饒河街觀光夜市,72
鹽,饒河街26攤位,北極螺,台鹽實業股份有限公司,苗栗縣通霄鎮內島里122號,饒河街觀光夜市,73
醬油,饒河街27攤位,深海大魷魚,萬家香醬園股份有限公司,台北市中山區德惠街9號5樓之6,饒河街觀光夜市,74
沙茶醬,饒河街攤商號碼304,玉米哥直立式炭烤玉米,勝益興食品有限公司,高雄市三民區遼北街7號,饒河街觀光夜市,75
糖,饒河街攤商號碼304,玉米哥直立式炭烤玉米,台灣糖業股份有限公司,台南市仁德區田厝里文華路2段326號,饒河街觀光夜市,76
醬油,饒河街攤商號碼304,玉米哥直立式炭烤玉米,新亞醬園,新北市蘆洲區長安街285巷18號1樓,饒河街觀光夜市,77
鹽,饒河街攤商號碼304,玉米哥直立式炭烤玉米,台鹽實業股份有限公司,苗栗縣通霄鎮內島里122號,饒河街觀光夜市,78
糖,饒河街33號攤位,健康鮮果汁,台灣糖業股份有限公司,台南市仁德區田厝里文華路2段326號,饒河街觀光夜市,79
胡椒粉,饒河街34攤位,碳霸海鮮燒烤,天裕行(其美有限公司),台北市信義區松山路156之1號,饒河街觀光夜市,80
沙拉油,饒河街32攤位,饒河鳥蛋蝦球,美食家食材通路股份有限公司,台南市安平區永華路二段373號,饒河街觀光夜市,81
胡椒鹽,饒河街32攤位,饒河鳥蛋蝦球,小磨坊國際貿易股份有限公司,台中市西屯區工業區一路70號7樓之1,饒河街觀光夜市,82
海苔粉,饒河街32攤位,饒河鳥蛋蝦球,小磨坊國際貿易股份有限公司,台中市西屯區工業區一路70號7樓之1,饒河街觀光夜市,83
金梅醬油膏,饒河街223號攤位,原住民山豬肉香腸,新亞醬園,新北市蘆洲區長安街285巷18號1F,饒河街觀光夜市,84
海鹽,饒河街79號,生蠔哥海鮮炭烤,Kirkland Signature 科克蘭研磨地中海海鹽,法國,饒河街觀光夜市,107
黑胡椒,饒河街223號攤位,原住民山豬肉香腸,飛馬牌(濟生股份有限公司),台北市大同區安西街116號,饒河街觀光夜市,85
蒜泥,饒河街223號攤位,原住民山豬肉香腸,歸綏街批發市場,臺北市歸綏街,饒河街觀光夜市,86
靜岡芥末,饒河街223號攤位,原住民山豬肉香腸,歸綏街批發市場,臺北市歸綏街,饒河街觀光夜市,87
胡椒粉,饒河街43攤位,烤野生生蠔,天裕行(其美有限公司),台北市信義區松山路156之1號,饒河街觀光夜市,88
沙拉油,饒河街45號對面,炸彈蔥油餅,大統益股份有限公司,台南市官田區二鎮里工業西路32號,饒河街觀光夜市,89
醬油,饒河街45號對面,炸彈蔥油餅,萬家香醬園股份有限公司,台北市中山區德惠街9號5樓之6,饒河街觀光夜市,90
鹽,饒河街45號對面,炸彈蔥油餅,台鹽實業股份有限公司,苗栗縣通霄鎮內島里122號,饒河街觀光夜市,91
胡椒粒,饒河街173攤位,乾燒蛤,福利蔥蒜行,台北市大同區歸綏街246號,饒河街觀光夜市,92
沙拉油,饒河街61號攤位,一口煎餃,台灣糖業股份有限公司,台南市仁德區田厝里文華路2段326號,饒河街觀光夜市,93
醬油,饒河街61號攤位,一口煎餃,萬家香醬園股份有限公司,台北市中山區德惠街9號5樓之6,饒河街觀光夜市,94
沙拉油,饒河街63號店面右邊,老芋頭仔芋頭酥,大成長城企業股份有限公司,台南市永康區蔦松二街3號,饒河街觀光夜市,95
糖,饒河街63號店面右邊,老芋頭仔芋頭酥,台灣糖業股份有限公司,台南市仁德區田厝里文華路2段326號,饒河街觀光夜市,96
香油,饒河街64號攤位,黑仔滷味,辰邦股份有限公司,新北市新莊區化成路403巷47號,饒河街觀光夜市,97
糖,饒河街64號攤位,黑仔滷味,台灣糖業股份有限公司,台南市仁德區田厝里文華路2段326號,饒河街觀光夜市,98
醬油,饒河街64號攤位,黑仔滷味,萬家香醬園股份有限公司,台北市中山區德惠街9號5樓之6,饒河街觀光夜市,99
鹽,饒河街64號攤位,黑仔滷味,台鹽實業股份有限公司,苗栗縣通霄鎮內島里122號,饒河街觀光夜市,100
胡椒粉,饒河街66攤位,鹽酥雞,天裕行(其美有限公司),台北市信義區松山路156之1號,饒河街觀光夜市,101
辣椒粉,饒河街66攤位,鹽酥雞,天裕行(其美有限公司),台北市信義區松山路156之1號,饒河街觀光夜市,102
玉米粒,饒河街51號前,貝克現烤馬鈴薯,無品牌,泰國進口,饒河街觀光夜市,103
沙拉油,饒河街76號店面,旺角,佳格食品股份有限公司 ,台北市大安區仁愛路三段136號5樓,饒河街觀光夜市,104
糖,饒河街76號店面,旺角,台灣糖業股份有限公司,台南市仁德區田厝里文華路2段326號,饒河街觀光夜市,105
胡椒粉,饒河街79號,生蠔哥海鮮炭烤,台灣第一家有限公司,新北市土城區成功街2-1號(土城工業區),饒河街觀光夜市,106
沙拉油,士林市場地下1樓45,蓁品美食,無品牌,台灣,士林觀光夜市,3303
細砂糖,饒河街79號,生蠔哥海鮮炭烤,台灣糖業股份有限公司,台南市仁德區田厝里文華路2段326號,饒河街觀光夜市,108
醬油,饒河街79號,生蠔哥海鮮炭烤,金蘭食品股份有限公司,桃園市大溪區介壽路236號,饒河街觀光夜市,109
糖,饒河街90號攤位,王記高粱酒香腸,台灣糖業股份有限公司,台南市仁德區田厝里文華路2段326號,饒河街觀光夜市,110
鹽,饒河街90號攤位,王記高粱酒香腸,台鹽實業股份有限公司?,台南市南區健康路1段297號,饒河街觀光夜市,111
沙拉油,饒河街97號攤位,宜蘭蔥捲餅,台灣糖業股份有限公司,台南市仁德區田厝里文華路2段326號,饒河街觀光夜市,112
糖,饒河街97號攤位,宜蘭蔥捲餅,台灣糖業股份有限公司,台南市仁德區田厝里文華路2段326號,饒河街觀光夜市,113
醬油,饒河街97號攤位,宜蘭蔥捲餅,金蘭食品股份有限公司,桃園市大溪區介壽路236號,饒河街觀光夜市,114
鹽,饒河街97號攤位,宜蘭蔥捲餅,台鹽實業股份有限公司,苗栗縣通霄鎮內島里122號,饒河街觀光夜市,115
糖,饒河街119號攤位,天津北晟甘栗,台灣糖業股份有限公司,台南市仁德區田厝里文華路2段326號,饒河街觀光夜市,116
糖,饒河街121攤位,現打果汁,台灣糖業股份有限公司,台南市仁德區田厝里文華路2段326號,饒河街觀光夜市,117
糖,饒河街159號攤位,寶媽養生品,台灣糖業股份有限公司,台南市仁德區田厝里文華路2段326號,饒河街觀光夜市,118
巧克力,饒河街166號攤位,牛B葫蘆王,三多士股份有限公司,台北市大安區四維路208巷3-1號1樓,饒河街觀光夜市,119
白糖,饒河街166號攤位,牛B葫蘆王,台灣糖業股份有限公司,台南市仁德區田厝里文華路2段326號,饒河街觀光夜市,120
梅子粉,饒河街166號攤位,牛B葫蘆王,牛b葫蘆王總店,台中市西屯區文華路25之9號對面,饒河街觀光夜市,121
煉乳,饒河街166號攤位,牛B葫蘆王,盛發興食品股份有限公司,雲林縣斗六市斗六工業區民享街1號,饒河街觀光夜市,122
蜂蜜,饒河街166號攤位,牛B葫蘆王,牛b葫蘆王總店,台中市西屯區文華路25之9號對面,饒河街觀光夜市,123
沙拉油,饒河街171攤位,北京羊肉串,台灣糖業股份有限公司,台南市仁德區田厝里文華路2段326號,饒河街觀光夜市,124
蠔油,饒河街172攤位,北大洋深海大魷魚,金蘭食品股份有限公司,桃園市大溪區介壽路236號,饒河街觀光夜市,125
糖,饒河街173號攤位,特濃戀鮮乳,台灣糖業股份有限公司,台南市仁德區田厝里文華路2段326號,饒河街觀光夜市,126
果糖,饒河街182攤位,金桔檸檬,豐年豐和企業股份有限公司,台南市東區裕農路375號8樓,饒河街觀光夜市,127
糖,饒河街182攤位,金桔檸檬,台灣糖業股份有限公司,台南市仁德區田厝里文華路2段326號,饒河街觀光夜市,128
糖,饒河街177號攤位,和之屋脆皮雞蛋燒,台灣糖業股份有限公司,台南市仁德區田厝里文華路二段326號,饒河街觀光夜市,129
沙拉油,饒河街178攤位,花枝燒,美食家食材通路股份有限公司,台南市安平區永華路二段373號,饒河街觀光夜市,130
糖,饒河街180攤位,木瓜牛奶,台灣糖業股份有限公司,台南市仁德區田厝里文華路2段326號,饒河街觀光夜市,131
沙拉油,饒河街192號騎樓,甜心脆皮雞蛋糕,美食家食材通路股份有限公司,台南市安平區永華路二段373號,饒河街觀光夜市,132
糖,饒河街194號店面側邊,鄉淳布丁豆花,台灣糖業股份有限公司,台南市仁德區田厝里文華路2段326號,饒河街觀光夜市,133
糖,饒河街224攤位,QQ涼圓,台灣糖業股份有限公司,台南市仁德區田厝里文華路2段326號,饒河街觀光夜市,134
糖,饒河街224攤位,QQ涼圓,台灣糖業股份有限公司,台南市仁德區田厝里文華路2段326號,饒河街觀光夜市,135
七味唐辛,饒河街179號攤位,幸花明太子起司烤餅,新北市明志路三段145號34弄2樓,幸花明太子起司烤餅(總店),饒河街觀光夜市,136
海苔,饒河街179號攤位,幸花明太子起司烤餅,幸花明太子起司烤餅(總店),新北市明志路三段145號34弄2樓,饒河街觀光夜市,137
蒜味粉,饒河街179號攤位,幸花明太子起司烤餅,幸花明太子起司烤餅(總店),新北市明志路三段145號34弄2樓,饒河街觀光夜市,138
沙拉油,饒河街233號攤位,有夠讚特大雞排,美食家食材通路股份有限公司,台南市安平區永華路二段373號,饒河街觀光夜市,139
胡椒鹽,饒河街233號攤位,有夠讚特大雞排,老公仔標(統隆企業有限公司),台北市北投區立德路121巷18號,饒河街觀光夜市,140
辣椒粉,饒河街233號攤位,有夠讚特大雞排,統隆企業有限公司,台北市北投區立德路121巷18號,饒河街觀光夜市,141
沙拉油,饒河街251號攤位,爆醬菇寶寶,美食家食材通路股份有限公司,台南市安平區永華路二段373號,饒河街觀光夜市,142
胡椒粉,饒河街251號攤位,爆醬菇寶寶,小磨坊國際貿易股份有限公司 ,台中市西屯區工業區一路70號7樓之1,饒河街觀光夜市,143
香油,饒河街252號攤位,福德魯味,日發麻油行,新北市三重區仁昌街94號,饒河街觀光夜市,144
糖,饒河街252號攤位,福德魯味,台灣糖業股份有限公司,台南市仁德區田厝里文華路2段326號,饒河街觀光夜市,145
醬油,饒河街252號攤位,福德魯味,味全食品工業股份有限公司,台北市中山區松江路125號,饒河街觀光夜市,146
糖,饒河街254號攤位,杏花村,台灣糖業股份有限公司,台南市仁德區田厝里文華路2段326號,饒河街觀光夜市,147
胡椒粉,饒河街255攤位,難忘蟹肉,老公仔標(統隆企業有限公司),台北市北投區立德路121巷18號,饒河街觀光夜市,148
辣椒粉,饒河街255攤位,難忘蟹肉,老公仔標(統隆企業有限公司),台北市北投區立德路121巷18號,饒河街觀光夜市,149
胡椒粉,饒河街256號攤位,難忘蟹肉,老公仔標(統隆企業有限公司),台北市北投區立德路121巷18號,饒河街觀光夜市,150
香油,延三觀光夜市,大腸煎,啟順蔥蒜行,台北市大同區歸綏街271號273號1樓,延三觀光夜市,263
辣椒粉,饒河街256號攤位,難忘蟹肉,老公仔標(統隆企業有限公司),台北市北投區立德路121巷18號,饒河街觀光夜市,151
冰糖,饒河街257攤位,大阿姨涼拌手撕雞,台灣糖業股份有限公司,台南市仁德區田厝里文華路2段326號,饒河街觀光夜市,152
香油,饒河街257攤位,大阿姨涼拌手撕雞,辰邦股份有限公司,新北市新莊區化成路403巷47號,饒河街觀光夜市,153
醬油,饒河街257攤位,大阿姨涼拌手撕雞,萬家香醬園股份有限公司,台北市中山區德惠街9號5樓之6,饒河街觀光夜市,154
沙拉油,饒河街264號攤位,QQ王子地瓜球,美食家(大統益股份有限公司),台南市官田區二鎮里工業西路32號,饒河街觀光夜市,155
醬油,饒河街265號攤位,大嘴巴空心鳳爪,金蘭食品股份有限公司,桃園市大溪區介壽路236號,饒河街觀光夜市,156
胡椒粉,饒河街266號攤位,永哥爆漿好吃雞腿捲,小磨坊國際貿易股份有限公司,台中市西屯工業區一路70號7樓之1,饒河街觀光夜市,157
醬油,饒河街269號攤位,越南美食,金蘭食品股份有限公司,桃園市大溪區介壽路236號,饒河街觀光夜市,158
醬油,饒河街274號攤位,金珍珠糯玉米,金蘭食品股份有限公司,桃園市大溪區介壽路236號,饒河街觀光夜市,159
沙拉油,饒河街285號攤位,蔙萵蔥餅,福壽實業股份有限公司,台中市沙鹿區沙田路45號,饒河街觀光夜市,160
香油,饒河街285號攤位,蔙萵蔥餅,福壽實業股份有限公司,台中市沙鹿區沙田路45號,饒河街觀光夜市,161
糖,饒河街285號攤位,蔙萵蔥餅,台灣糖業股份有限公司,台南市仁德區田厝里文華路2段326號,饒河街觀光夜市,162
鹽,饒河街285號攤位,蔙萵蔥餅,台鹽實業股份有限公司,苗栗縣通霄鎮內島里122號,饒河街觀光夜市,163
七味唐辛,饒河街286攤位,幸花明太子起司烤餅,幸花明太子起司烤餅(總店),新北市明志路三段145號34弄2樓,饒河街觀光夜市,164
海苔,饒河街286攤位,幸花明太子起司烤餅,幸花明太子起司烤餅(總店),新北市明志路三段145號34弄2樓,饒河街觀光夜市,165
蒜味粉,饒河街286攤位,幸花明太子起司烤餅,幸花明太子起司烤餅(總店),新北市明志路三段145號34弄2樓,饒河街觀光夜市,166
香油,饒河街287號攤位,雙保明小籠湯包,一滴香(辰邦股份有限公司),新北市新莊區化成路403巷47號,饒河街觀光夜市,167
糖,饒河街287號攤位,雙保明小籠湯包,台灣糖業股份有限公司,台南市仁德區田厝里文華路二段326號,饒河街觀光夜市,168
鹽,饒河街287號攤位,雙保明小籠湯包,台鹽實業股份有限公司,台南市南區健康路一段297號,饒河街觀光夜市,169
耐炸油,饒河街290號攤位,口袋吐司,美食家食材通路股份有限公司,台南市安平區永華路二段373號,饒河街觀光夜市,170
醬油,饒河街291號攤位,鮮烤魷魚,萬家香醬園股份有限公司,台北市中山區德惠街9號5樓之6,饒河街觀光夜市,171
胡椒粉,延三觀光夜市,大腸煎,統隆企業有限公司,台北市北投區立德路121巷18號,延三觀光夜市,262
糖,饒河街292攤位,大腸包小腸,台灣糖業股份有限公司,台南市仁德區田厝里文華路2段326號,饒河街觀光夜市,172
醬油,饒河街292攤位,大腸包小腸,萬家香醬園股份有限公司,台北市中山區德惠街9號5樓之6,饒河街觀光夜市,173
台糖,饒河街293號攤位,純天然愛玉仙草,台灣糖業股份有限公司,台南市仁德區田厝里文華路2段326號,饒河街觀光夜市,174
香油,饒河街294號攤位,大嘴巴空心鳳爪,福壽實業股份有限公司,台中市沙鹿區沙田路45號,饒河街觀光夜市,175
醬油,饒河街294號攤位,大嘴巴空心鳳爪,金蘭食品股份有限公司,桃園市大溪區介壽路236號,饒河街觀光夜市,176
甘草粉,饒河街306號攤位,呂小姐不一樣的情人果,勝元堂中藥,台北市大同區民生西路330號1樓,饒河街觀光夜市,177
梅粉,饒河街306號攤位,呂小姐不一樣的情人果,勝元堂中藥,台北市大同區民生西路330號1樓,饒河街觀光夜市,178
糖,饒河街306號攤位,呂小姐不一樣的情人果,台灣糖業股份有限公司,台南市仁德區田厝里文華路2段326號,饒河街觀光夜市,179
煉乳,饒河街56號攤位,爸拿那法式薄餅,盛發興食品股份有限公司,雲林縣斗六市斗六工業區民享街1號,饒河街觀光夜市,180
梅粉,饒河街317號攤位,芭樂嫂,林桔園蜜餞行,彰化縣員林市員水路二段390號,饒河街觀光夜市,181
奶油,饒河街319號攤位,小熊燒,小熊與樹糕點屋,台中市西屯區大安街31號,饒河街觀光夜市,182
巧克力,饒河街319號攤位,小熊燒,小熊與樹糕點屋,台中市西屯區大安街31號,饒河街觀光夜市,183
沙拉油,饒河街321號攤位,三明治,台灣糖業股份有限公司,台南市仁德區田厝里文華路2段326號,饒河街觀光夜市,184
糖,饒河街321號攤位,三明治,台灣糖業股份有限公司,台南市仁德區田厝里文華路2段326號,饒河街觀光夜市,185
蠔油,饒河街324號攤位,北大洋深海大魷魚 烤魷魚,萬家香醬園股份有限公司,台北市中山區德惠街9號5樓之6,饒河街觀光夜市,186
沙拉油,饒河街325號攤位,芋包芋,泰山企業股份有限公司,彰化縣田中鎮興工路6號,饒河街觀光夜市,187
胡椒粉,饒河街331號攤位,邱記10元碳烤,邱記企業社,新北市泰山區台麗街57號,饒河街觀光夜市,188
辣椒粉,饒河街331號攤位,邱記10元碳烤,邱記企業社,新北市泰山區台麗街57號,饒河街觀光夜市,189
沙茶醬,饒河街332號攤位,北港麻辣臭豆腐,牛頭牌(好帝一食品有限公司),台南市新市區大營里豐榮160號,饒河街觀光夜市,190
豆瓣醬,饒河街332號攤位,北港麻辣臭豆腐,哈哈醬園股份有限公司,高雄市岡山區仁壽南路110號,饒河街觀光夜市,191
豬油,饒河街332號攤位,北港麻辣臭豆腐,南松山市場,台北市松山區塔悠路40號,饒河街觀光夜市,192
糖,饒河街28號攤位,變態雞翅,台灣糖業股份有限公司,台南市仁德區田厝里文華路2段326號,饒河街觀光夜市,193
醬油,饒河街28號攤位,變態雞翅,萬家香醬園股份有限公司,台北市中山區德惠街9號5樓之6,饒河街觀光夜市,194
玫瑰鹽,饒河街334號攤位,頂級澳洲岩烤和牛,濟生股份有限公司,台北市大同區安西街116號,饒河街觀光夜市,195
黑胡椒粒,饒河街334號攤位,頂級澳洲岩烤和牛,濟生股份有限公司,台北市大同區安西街116號,饒河街觀光夜市,196
辣椒粉,饒河街334號攤位,頂級澳洲岩烤和牛,濟生股份有限公司,台北市大同區安西街116號,饒河街觀光夜市,197
胡椒粉,饒河街338號攤位,爆漿雞腿捲,飛馬牌(濟生股份有限公司),台北市大同區安西街116號,饒河街觀光夜市,198
黑糖,饒河街340號攤位,養生現壓甘蔗汁,南松山市場,台北市松山區塔悠路40號,饒河街觀光夜市,199
薑母,饒河街340號攤位,養生現壓甘蔗汁,南松山市場,台北市松山區塔悠路40號,饒河街觀光夜市,200
胡椒鹽,饒河街342號攤位,不一樣碳烤杏鮑菇,小磨坊國際貿易股份有限公司,台中市西屯區工業區一路70號7樓之1,饒河街觀光夜市,201
檸檬,饒河街342號攤位,不一樣碳烤杏鮑菇,小磨坊國際貿易股份有限公司,台中市西屯區工業區一路70號7樓之1,饒河街觀光夜市,202
醬油,饒河街342號攤位,不一樣碳烤杏鮑菇,金蘭食品股份有限公司,桃園市大溪區介壽路236號,饒河街觀光夜市,203
七味唐辛子,饒河街路中122號攤位,乙町翁日式岩燒,小磨坊國際貿易股份有限公司,台中市西屯區工業區一路70號7樓之1,饒河街觀光夜市,204
玫瑰鹽,饒河街路中122號攤位,乙町翁日式岩燒,台鹽實業股份有限公司,苗栗縣通霄鎮內島里122號,饒河街觀光夜市,205
芥末粉,饒河街路中122號攤位,乙町翁日式岩燒,小磨坊國際貿易股份有限公司,台中市西屯區工業區一路70號7樓之1,饒河街觀光夜市,206
糖,饒河街344號攤位,是茶非茶,台灣糖業股份有限公司,台南市仁德區田厝里文華路2段326號,饒河街觀光夜市,207
糖,饒河街117號攤位,港仔找茶,台灣糖業股份有限公司,台南市仁德區田厝里文華路2段326號,饒河街觀光夜市,208
胡椒鹽,饒河街328號攤位,不一樣碳烤杏鮑菇,小磨坊國際貿易股份有限公司,台中市西屯區工業區一路70號7樓之1,饒河街觀光夜市,209
檸檬,饒河街328號攤位,不一樣碳烤杏鮑菇,小磨坊國際貿易股份有限公司,台中市西屯區工業區一路70號7樓之1,饒河街觀光夜市,210
醬油,饒河街328號攤位,不一樣碳烤杏鮑菇,金蘭食品股份有限公司,桃園市大溪區介壽路236號,饒河街觀光夜市,211
醬油膏,饒河街192號店面前,串燒臭豆腐,新亞醬園,新北市蘆洲區長安街285巷18號1樓,饒河街觀光夜市,212
沙拉醬,饒河街231-右邊攤位,裕子燒,瑞西莎拉醬(維味香食品工廠),台南市六甲區龜港里142號,饒河街觀光夜市,213
鹽,饒河街231-左邊,極品鹽水雞,台鹽實業股份有限公司 ,台南市南區健康路1段297號,饒河街觀光夜市,214
糖,饒河街253號攤位,難忘米粉湯,台灣糖業股份有限公司,台南市仁德區田厝里文華路2段326號,饒河街觀光夜市,215
糖,饒河街337號攤位,糖戀愛,台灣糖業股份有限公司,台南市仁德區田厝里文華路2段326號,饒河街觀光夜市,216
香油,饒河街333號攤位,紅燒牛肉麵,辰邦股份有限公司,新北市新莊區化成路403巷47號,饒河街觀光夜市,217
醬油,饒河街333號攤位,紅燒牛肉麵,味王股份有限公司,台北市中山區中山北路二段79號6樓,饒河街觀光夜市,218
鹽,饒河街333號攤位,紅燒牛肉麵,台鹽實業股份有限公司,苗栗縣通霄鎮內島里122號,饒河街觀光夜市,219
花生粉,延平北路三段32號,魏祥記麻糬,昇逸商行,台北市大同區蘭州街74號,延三觀光夜市,220
糖,延平北路三段32號,魏祥記麻糬,台灣糖業股份有限公司,台南市仁德區田厝里文華路2段326號,延三觀光夜市,221
鹽,延平北路三段32號,魏祥記麻糬,台鹽實業股份有限公司,苗栗縣通霄鎮內島里122號,延三觀光夜市,222
台鹽,延平北路三段16號前面,鵝肉華,台鹽實業股份有限公司,苗栗縣通霄鎮內島里122號,延三觀光夜市,223
醬油,延平北路三段16號前面,鵝肉華,金蘭食品股份有限公司,桃園市大溪區介壽路236號,延三觀光夜市,224
鹽,延平北路三段21號前面,魷魚羹、蚵仔煎,台鹽實業股份有限公司,苗栗縣通霄鎮內島里122號,延三觀光夜市,225
沙拉油,延平北路三段24號前面,台北橋頭,大成長城企業股份有限公司,台南市永康區蔦松二街3號,延三觀光夜市,226
花生粉,延平北路三段24號前面,台北橋頭,昇逸商行,台北市大同區蘭州街74號,延三觀光夜市,227
砂糖,延平北路三段24號前面,台北橋頭,台灣糖業股份有限公司,台南市仁德區田厝里文華路2段326號,延三觀光夜市,228
豬油,延平北路三段24號前面,台北橋頭,自製,臺灣,延三觀光夜市,229
糖,延平北路三段24號前面,台北橋頭,台灣糖業股份有限公司,台南市仁德區田厝里文華路2段326號,延三觀光夜市,230
沙拉油,延平北路三段26號,大眾素食,福壽實業股份有限公司,台中市沙鹿區沙田路45號,延三觀光夜市,231
芝麻醬,延平北路三段26號,大眾素食,信成油廠股份有限公司,台北市大同區民生西路96號,延三觀光夜市,232
香油,延平北路三段26號,大眾素食,信成油廠股份有限公司,台北市大同區民生西路96號,延三觀光夜市,233
糖,延平北路三段26號,大眾素食,台灣糖業股份有限公司,台南市仁德區田厝里文華路2段326號,延三觀光夜市,234
醬油,延平北路三段26號,大眾素食,統一企業股份有限公司,台南市永康區鹽行里中正路301號,延三觀光夜市,235
鹽,延平北路三段26號,大眾素食,台鹽實業股份有限公司,苗栗縣通霄鎮內島里122號,延三觀光夜市,236
白胡椒粉,延平北路三段8號前,花枝羹,濟生股份有限公司,台北市大同區安西街116號,延三觀光夜市,237
沙茶醬,延平北路三段8號前,花枝羹,好帝一食品有限公司,台南市新市區大營里豐榮160號,延三觀光夜市,238
味精,延平北路三段8號前,花枝羹,味全食品工業股份有限公司,台北市中山區松江路125號,延三觀光夜市,239
香油,延平北路三段8號前,花枝羹,日發麻油行,新北市三重區仁昌街94號,延三觀光夜市,240
黑醋,延平北路三段8號前,花枝羹,大安工研食品工廠股份有限公司,台北市大安區忠孝東路3段10巷1號,延三觀光夜市,241
辣椒,延平北路三段8號前,花枝羹,西寧市場,台北市萬華區西寧南路4號,延三觀光夜市,242
豬油,延平北路三段8號前,花枝羹,自製,臺灣,延三觀光夜市,243
糖,延平北路三段8號前,花枝羹,台灣糖業股份有限公司,台南市仁德區田厝里文華路2段326號,延三觀光夜市,244
醬油,延平北路三段8號前,花枝羹,味王股份有限公司,台北市中山區中山北路二段79號6樓,延三觀光夜市,245
鹽,延平北路三段8號前,花枝羹,台鹽實業股份有限公司,苗栗縣通霄鎮內島里122號,延三觀光夜市,246
香油,延三觀光夜市,鼎品滷味,建國製油工業有限公司,桃園市龍潭區高原路367巷161號,延三觀光夜市,247
辣椒醬,延三觀光夜市,鼎品滷味,自製,台灣,延三觀光夜市,248
糖,延三觀光夜市,鼎品滷味,台灣糖業股份有限公司,台南市仁德區田厝里文華路2段326號,延三觀光夜市,249
醬油,延三觀光夜市,鼎品滷味,萬家香醬園股份有限公司,台北市中山區德惠街9號5樓之6,延三觀光夜市,250
鹽,延三觀光夜市,鼎品滷味,台鹽實業股份有限公司,苗栗縣通霄鎮內島里122號,延三觀光夜市,251
沙拉油,延平北路三段36號騎樓,生炒魷魚羹,大成長城企業股份有限公司,台南市永康區蔦松二街3號,延三觀光夜市,252
味精,延平北路三段36號騎樓,生炒魷魚羹,味丹企業股份有限公司,台中市沙鹿區興安路65號,延三觀光夜市,253
香油,延平北路三段36號騎樓,生炒魷魚羹,福壽實業股份有限公司,台中市沙鹿區沙田路45號,延三觀光夜市,254
糖,延平北路三段36號騎樓,生炒魷魚羹,台灣糖業股份有限公司,台南市仁德區田厝里文華路2段326號,延三觀光夜市,255
鹽,延平北路三段36號騎樓,生炒魷魚羹,台鹽實業股份有限公司,苗栗縣通霄鎮內島里122號,延三觀光夜市,256
甜麵醬,延平北路三段38號前面,大橋頭潤餅,台農醬園,台北市大同區迪化街一段210號,延三觀光夜市,257
糖,延平北路三段38號前面,大橋頭潤餅,臺鹽實業股份有限公司,苗栗縣通霄鎮122號,延三觀光夜市,258
鹽,延平北路三段38號前面,大橋頭潤餅,臺灣糖業股份有限公司,臺南市仁德區文華路2段326號,延三觀光夜市,259
沙拉油,延三觀光夜市,大腸煎,大成長城企業股份有限公司,台南市永康區蔦松二街3號,延三觀光夜市,260
味精,延三觀光夜市,大腸煎,味全食品工業股份有限公司,台北市中山區松江路125號,延三觀光夜市,261
糖,延三觀光夜市,大腸煎,台灣糖業股份有限公司,台南市仁德區田厝里文華路2段326號,延三觀光夜市,264
醬油,延三觀光夜市,大腸煎,金蘭食品股份有限公司,桃園市大溪區介壽路236號,延三觀光夜市,265
鹽,延三觀光夜市,大腸煎,台鹽實業股份有限公司,苗栗縣通霄鎮內島里122號,延三觀光夜市,266
沙拉油,延三觀光夜市,郁香花蓮扁食,大統益股份有限公司,台南市官田區二鎮里工業西路32號,延三觀光夜市,267
味精,延三觀光夜市,郁香花蓮扁食,味王股份有限公司,台北市中山區中山北路二段79號6樓,延三觀光夜市,268
香油,延三觀光夜市,郁香花蓮扁食,辰邦股份有限公司,新北市新莊區化成路403巷47號,延三觀光夜市,269
糖,延三觀光夜市,郁香花蓮扁食,台灣糖業股份有限公司,台南市仁德區田厝里文華路2段326號,延三觀光夜市,270
醬油,延三觀光夜市,郁香花蓮扁食,丸莊食品工業股份有限公司,雲林縣二崙鄉隆興路12之30號,延三觀光夜市,271
鹽,延三觀光夜市,郁香花蓮扁食,台鹽實業股份有限公司,苗栗縣通霄鎮內島里122號,延三觀光夜市,272
味精,台北市大同區延平北路三段47號,炒麵專家,味王股份有限公司,台北市中山區中山北路二段79號6樓,延三觀光夜市,273
香油,台北市大同區延平北路三段47號,炒麵專家,惠通雜糧行,台北市大同區迪化街一段175號,延三觀光夜市,274
豬油,台北市大同區延平北路三段47號,炒麵專家,芳福企業有限公司,新北市新莊區化成路375巷35號1樓,延三觀光夜市,275
糖,台北市大同區延平北路三段47號,炒麵專家,台灣糖業股份有限公司,台南市仁德區田厝里文華路2段326號,延三觀光夜市,276
醬油,台北市大同區延平北路三段47號,炒麵專家,味全食品工業股份有限公司,台北市中山區松江路125號,延三觀光夜市,277
鹽,台北市大同區延平北路三段47號,炒麵專家,台鹽實業股份有限公司,苗栗縣通霄鎮內島里122號,延三觀光夜市,278
沙茶醬,延三觀光夜市,35年老攤台灣土羊肉,好帝一食品有限公司,台南市新市區大營里豐榮160號,延三觀光夜市,279
純黑麻油,延三觀光夜市,35年老攤台灣土羊肉,李九英麻油老舖,台北市大同區環河北路二段,延三觀光夜市,280
豬油,延三觀光夜市,35年老攤台灣土羊肉,芳福企業有限公司,新北市新莊區化成路375巷35號1樓,延三觀光夜市,281
醬油,延三觀光夜市,35年老攤台灣土羊肉,永芳醬園股份有限公司,新北市永和區仁愛路141巷52號,延三觀光夜市,282
鹽,延三觀光夜市,35年老攤台灣土羊肉,台鹽實業股份有限公司,苗栗縣通霄鎮內島里122號,延三觀光夜市,283
沙拉油,延平北路三段54號前面,古早飯,大成長城企業股份有限公司,台南市永康區蔦松二街3號,延三觀光夜市,284
味精,延平北路三段54號前面,古早飯,味王股份有限公司,台北市中山區中山北路二段79號6樓,延三觀光夜市,285
香油,延平北路三段54號前面,古早飯,大成長城企業股份有限公司,台南市永康區蔦松二街3號,延三觀光夜市,286
糖,延平北路三段54號前面,古早飯,台灣糖業股份有限公司,台南市仁德區田厝里文華路2段326號,延三觀光夜市,287
醬油,延平北路三段54號前面,古早飯,統萬股份有限公司,台南市東區中華東路二段193號18樓之12,延三觀光夜市,288
鹽,延平北路三段54號前面,古早飯,台鹽實業股份有限公司,苗栗縣通霄鎮內島里122號,延三觀光夜市,289
七味粉,延平北路三段57號,紅紅木啤兒串燒,啟順蔥蒜行,台北市大同區歸綏街271號273號1樓,延三觀光夜市,290
沙拉油,延平北路三段57號,紅紅木啤兒串燒,啟順蔥蒜行,台北市大同區歸綏街271號273號1樓,延三觀光夜市,291
味精,延平北路三段57號,紅紅木啤兒串燒,味丹企業股份有限公司,台中市沙鹿區興安路65號,延三觀光夜市,292
香油,延平北路三段57號,紅紅木啤兒串燒,啟順蔥蒜行,台北市大同區歸綏街271號273號1樓,延三觀光夜市,293
辣椒粉,延平北路三段57號,紅紅木啤兒串燒,啟順蔥蒜行,台北市大同區歸綏街271號273號1樓,延三觀光夜市,294
糖,延平北路三段57號,紅紅木啤兒串燒,台灣糖業股份有限公司,台南市仁德區田厝里文華路2段326號,延三觀光夜市,295
醬油,延平北路三段57號,紅紅木啤兒串燒,啟順蔥蒜行,台北市大同區歸綏街271號273號1樓,延三觀光夜市,296
鹽,延平北路三段57號,紅紅木啤兒串燒,台鹽實業股份有限公司,苗栗縣通霄鎮內島里122號,延三觀光夜市,297
豬油,延三觀光夜市,口福魯肉飯,自製,臺灣,延三觀光夜市,298
糖,延三觀光夜市,口福魯肉飯,台灣糖業股份有限公司,台南市仁德區田厝里文華路2段326號,延三觀光夜市,299
醬油,延三觀光夜市,口福魯肉飯,永芳醬園股份有限公司,新北市永和區仁愛路141巷52號,延三觀光夜市,300
鹽,延三觀光夜市,口福魯肉飯,台鹽實業股份有限公司,苗栗縣通霄鎮內島里122號,延三觀光夜市,301
牛油,延三觀光夜市,汕頭原汁牛肉麵,西寧市場,台北市萬華區西寧南路4號,延三觀光夜市,302
醬油,延三觀光夜市,汕頭原汁牛肉麵,金蘭食品股份有限公司,桃園市大溪區介壽路236號,延三觀光夜市,303
鹽,延三觀光夜市,汕頭原汁牛肉麵,台鹽實業股份有限公司,苗栗縣通霄鎮內島里122號,延三觀光夜市,304
味精,延平北路三段中華電信門口,油飯,味丹企業股份有限公司,台中市沙鹿區興安路65號,延三觀光夜市,305
香油,延平北路三段中華電信門口,油飯,源順芝麻觀光油廠,雲林縣土庫鎮成功路1-62號,延三觀光夜市,306
豬油,延平北路三段中華電信門口,油飯,正記行,台北市大同區民樂街175號,延三觀光夜市,307
糖,延平北路三段中華電信門口,油飯,台灣糖業股份有限公司,台南市仁德區田厝里文華路2段326號,延三觀光夜市,308
醬油,延平北路三段中華電信門口,油飯,金蘭食品股份有限公司,桃園市大溪區介壽路236號,延三觀光夜市,309
醬油,士林市場地下1樓45,蓁品美食,無品牌,台灣,士林觀光夜市,3304
鹽,延平北路三段中華電信門口,油飯,台鹽實業股份有限公司,苗栗縣通霄鎮內島里122號,延三觀光夜市,310
糖,延平北路三段76號前面,黑丸嫩仙草,台灣糖業股份有限公司,台南市仁德區田厝里文華路2段326號,延三觀光夜市,311
豆瓣醬,延平北路三段80號,新營人牛肉,家見企業有限公司,台北市大同區歸綏街234號1樓,延三觀光夜市,312
芝麻香油,延平北路三段80號,新營人牛肉,三豐食品工廠,新北市新莊區化成路100號,延三觀光夜市,313
香油,延平北路三段80號,新營人牛肉,三豐食品工廠,新北市新莊區化成路100號,延三觀光夜市,314
豬油,延平北路三段80號,新營人牛肉,芳福真有香,新北市新莊區化成路375巷35-37號,延三觀光夜市,315
醬油,延平北路三段80號,新營人牛肉,味王股份有限公司,台北市中山區中山北路二段79號6樓,延三觀光夜市,316
鹽,延平北路三段80號,新營人牛肉,三豐食品工廠,新北市新莊區化成路100號,延三觀光夜市,317
沙拉油,延平北路三段85號前面,金雞舞炸物攤,台農醬園,台北市大同區迪化街一段210號,延三觀光夜市,318
胡椒,延平北路三段85號前面,金雞舞炸物攤,永利行,台北市大同區迪化街一段160號,延三觀光夜市,319
沙拉油,延三觀光夜市,德魯肉飯、肉粥,美食家食材通路股份有限公司,台南市安平區永華路二段373號,延三觀光夜市,320
味精,延三觀光夜市,德魯肉飯、肉粥,味王股份有限公司,台北市中山區中山北路二段79號6樓,延三觀光夜市,321
油膏,延三觀光夜市,德魯肉飯、肉粥,萬家香醬園股份有限公司,台北市中山區德惠街9號5樓之6,延三觀光夜市,322
糖,延三觀光夜市,德魯肉飯、肉粥,台灣糖業股份有限公司,台南市仁德區田厝里文華路2段326號,延三觀光夜市,323
醬油,延三觀光夜市,德魯肉飯、肉粥,味全食品工業股份有限公司,台北市中山區松江路125號,延三觀光夜市,324
鹽,延三觀光夜市,德魯肉飯、肉粥,台鹽實業股份有限公司,苗栗縣通霄鎮內島里122號,延三觀光夜市,325
沙拉油,昌吉街119號,羊仔湯屋,台農醬園,台北市大同區迪化街一段210號,延三觀光夜市,326
糖,昌吉街119號,羊仔湯屋,台灣糖業股份有限公司,台南市仁德區田厝里文華路2段326號,延三觀光夜市,327
醬油,昌吉街119號,羊仔湯屋,台農醬園,台北市大同區迪化街一段210號,延三觀光夜市,328
鹽,昌吉街119號,羊仔湯屋,台鹽實業股份有限公司,苗栗縣通霄鎮內島里122號,延三觀光夜市,329
味精,延平北路三段121號前面,牛爺爺生炒沙茶牛肉,味王股份有限公司,台北市中山區中山北路二段79號6樓,延三觀光夜市,330
豬油,延平北路三段121號前面,牛爺爺生炒沙茶牛肉,芳福企業有限公司,新北市新莊區化成路375巷35號1樓,延三觀光夜市,331
醬油,延平北路三段121號前面,牛爺爺生炒沙茶牛肉,永芳醬園股份有限公司,新北市永和區仁愛路141巷52號,延三觀光夜市,332
鹽,延平北路三段121號前面,牛爺爺生炒沙茶牛肉,台鹽實業股份有限公司,苗栗縣通霄鎮內島里122號,延三觀光夜市,333
沙茶醬,延平北路三段12號前面,筒仔米糕,好帝一食品有限公司,台南市新市區大營里豐榮160號,延三觀光夜市,334
味精,延平北路三段12號前面,筒仔米糕,味王股份有限公司,台北市中山區中山北路二段79號6樓,延三觀光夜市,335
香油,延平北路三段12號前面,筒仔米糕,台農醬園,台北市大同區迪化街一段210號,延三觀光夜市,336
糖,延平北路三段12號前面,筒仔米糕,台灣糖業股份有限公司,台南市仁德區田厝里文華路2段326號,延三觀光夜市,337
醬油,延平北路三段12號前面,筒仔米糕,萬家香醬園股份有限公司,台北市中山區德惠街9號5樓之6,延三觀光夜市,338
鹽,延平北路三段12號前面,筒仔米糕,台鹽實業股份有限公司,苗栗縣通霄鎮內島里122號,延三觀光夜市,339
辣椒醬,延平北路三段146號,生魚片,丸莊食品工業股份有限公司,雲林縣二崙鄉隆興路12之30號,延三觀光夜市,340
糖,延平北路三段146號,生魚片,台灣糖業股份有限公司,台南市仁德區田厝里文華路2段326號,延三觀光夜市,341
靜岡芥辣粉,延平北路三段146號,生魚片,信州食品股份有限公司,台北市中山區龍江路328巷4號1樓,延三觀光夜市,342
醬油,延平北路三段146號,生魚片,家成行,台北市大同區民樂街141號,延三觀光夜市,343
豬油,延平北路三段152號前面,老程麵店,太平市場,台北市大同區延平北路二段247巷,延三觀光夜市,344
糖,延平北路三段152號前面,老程麵店,台灣糖業股份有限公司,台南市仁德區田厝里文華路2段326號,延三觀光夜市,345
醬油,延平北路三段152號前面,老程麵店,西螺大同醬油股份有限公司,雲林縣斗六市工業區斗工二路39號,延三觀光夜市,346
鹽,延平北路三段152號前面,老程麵店,台鹽實業股份有限公司,苗栗縣通霄鎮內島里122號,延三觀光夜市,347
沙拉油,延三觀光夜市,鼎邊銼,美食家食材通路股份有限公司,台南市安平區永華路二段373號,延三觀光夜市,348
味精,延三觀光夜市,鼎邊銼,味王股份有限公司,台北市中山區中山北路二段79號6樓,延三觀光夜市,349
糖,延三觀光夜市,鼎邊銼,台灣糖業股份有限公司,台南市仁德區田厝里文華路2段326號,延三觀光夜市,350
醬油,延三觀光夜市,鼎邊銼,金蘭食品股份有限公司,桃園市大溪區介壽路236號,延三觀光夜市,351
鹽,延三觀光夜市,鼎邊銼,台鹽實業股份有限公司,苗栗縣通霄鎮內島里122號,延三觀光夜市,352
味精,延平北路三段19之2號前面,大橋頭肉粽,味丹企業股份有限公司,台中市沙鹿區興安路65號,延三觀光夜市,353
糖,延平北路三段19之2號前面,大橋頭肉粽,台灣糖業股份有限公司,台南市仁德區田厝里文華路2段326號,延三觀光夜市,354
醬油,延平北路三段19之2號前面,大橋頭肉粽,統萬股份有限公司,台南市東區中華東路二段193號18樓之12,延三觀光夜市,355
鹽,延平北路三段19之2號前面,大橋頭肉粽,台鹽實業股份有限公司,苗栗縣通霄鎮內島里122號,延三觀光夜市,356
香油,延平北路三段19之六號前面,麻辣鹽水雞,鎧逸企業股份有限公司,新北市三峽區中華路74號之1,延三觀光夜市,357
香油,延平北路三段25之2號前面,好豆陣,富味鄉食品股份有限公司,新北市五股區五權路53號,延三觀光夜市,358
糖,延平北路三段25之2號前面,好豆陣,台灣糖業股份有限公司,台南市仁德區田厝里文華路2段326號,延三觀光夜市,359
醬油,延平北路三段25之2號前面,好豆陣,自製,台灣,延三觀光夜市,360
鹽,延平北路三段25之2號前面,好豆陣,台鹽實業股份有限公司,苗栗縣通霄鎮內島里122號,延三觀光夜市,361
沙拉油,延三觀光夜市,無名早餐店,福壽實業股份有限公司,台中市沙鹿區沙田路45號,延三觀光夜市,362
味精,延三觀光夜市,無名早餐店,味王股份有限公司,台北市中山區中山北路二段79號6樓,延三觀光夜市,363
紅糖,延三觀光夜市,無名早餐店,台灣糖業股份有限公司,台南市仁德區田厝里文華路2段326號,延三觀光夜市,364
香油,延三觀光夜市,無名早餐店,信成油廠股份有限公司,台北市大同區民生西路96號,延三觀光夜市,365
辣椒醬,延三觀光夜市,無名早餐店,台農醬園,台北市大同區迪化街一段210號,延三觀光夜市,366
糖,延三觀光夜市,無名早餐店,台灣糖業股份有限公司,台南市仁德區田厝里文華路2段326號,延三觀光夜市,367
醬油,延三觀光夜市,無名早餐店,金蘭食品股份有限公司,桃園市大溪區介壽路236號,延三觀光夜市,368
鹽,延三觀光夜市,無名早餐店,台鹽實業股份有限公司,苗栗縣通霄鎮內島里122號,延三觀光夜市,369
沙拉油,延平北路三段3號前面,保記傳統小籠包,大成長城企業股份有限公司,台南市永康區蔦松二街3號,延三觀光夜市,370
芝麻香油,延平北路三段3號前面,保記傳統小籠包,富香油脂食品有限公司,彰化縣福興鄉福興村福興路21號,延三觀光夜市,371
辣椒,延平北路三段3號前面,保記傳統小籠包,自製,臺灣,延三觀光夜市,372
醋,延平北路三段3號前面,保記傳統小籠包,大安工研食品工廠股份有限公司,台北市大安區忠孝東路3段10巷1號,延三觀光夜市,373
醬油,延平北路三段3號前面,保記傳統小籠包,金蘭食品股份有限公司,桃園市大溪區介壽路236號,延三觀光夜市,374
鹽,延平北路三段3號前面,保記傳統小籠包,台鹽實業股份有限公司,苗栗縣通霄鎮內島里122號,延三觀光夜市,375
香油,延平北路三段27號前面,滷之家,信成油廠股份有限公司,台北市大同區民生西路96號,延三觀光夜市,376
糖,延平北路三段27號前面,滷之家,台灣糖業股份有限公司,台南市仁德區田厝里文華路2段326號,延三觀光夜市,377
醬油,延平北路三段27號前面,滷之家,金蘭食品股份有限公司,桃園市大溪區介壽路236號,延三觀光夜市,378
鹽,延平北路三段27號前面,滷之家,台鹽實業股份有限公司,苗栗縣通霄鎮內島里122號,延三觀光夜市,379
沙拉油,延平北路三段32之1號,陽春麵,勝興食品加工廠有限公司,新北市土城區員林里中央路1段365巷2之2號,延三觀光夜市,380
味精,延平北路三段32之1號,陽春麵,味王股份有限公司,台北市中山區中山北路二段79號6樓,延三觀光夜市,381
糖,延平北路三段32之1號,陽春麵,台灣糖業股份有限公司,台南市仁德區田厝里文華路2段326號,延三觀光夜市,382
醬油,延平北路三段32之1號,陽春麵,金蘭食品股份有限公司,桃園市大溪區介壽路236號,延三觀光夜市,383
鹽,延平北路三段32之1號,陽春麵,台鹽實業股份有限公司,苗栗縣通霄鎮內島里122號,延三觀光夜市,384
沙拉油,延平北路三段36-2號前面,大腸麵線,大成長城企業股份有限公司,台南市永康區蔦松二街3號,延三觀光夜市,385
味精,延平北路三段36-2號前面,大腸麵線,味王股份有限公司,台北市中山區中山北路二段79號6樓,延三觀光夜市,386
糖,延平北路三段36-2號前面,大腸麵線,台灣糖業股份有限公司,台南市仁德區田厝里文華路2段326號,延三觀光夜市,387
醬油,延平北路三段36-2號前面,大腸麵線,萬家香醬園股份有限公司,台北市中山區德惠街9號5樓之6,延三觀光夜市,388
鹽,延平北路三段36-2號前面,大腸麵線,臺灣糖業股份有限公司,臺南市仁德區文華路2段326號,延三觀光夜市,389
糖,延三觀光夜市,周胖子鮮果汁,台灣糖業股份有限公司,台南市仁德區田厝里文華路2段326號,延三觀光夜市,390
薑汁,延三觀光夜市,周胖子鮮果汁,自製,臺灣,延三觀光夜市,391
味精,延三觀光夜市,汕頭老牌四神湯,味丹企業股份有限公司,台中市沙鹿區興安路65號,延三觀光夜市,392
甜辣醬,延三觀光夜市,汕頭老牌四神湯,三豐食品工廠,新北市新莊區化成路100號,延三觀光夜市,393
豬油,延三觀光夜市,汕頭老牌四神湯,自製,臺灣,延三觀光夜市,394
豬油,延三觀光夜市,汕頭老牌四神湯,自製,台灣,延三觀光夜市,395
糖,延三觀光夜市,汕頭老牌四神湯,台灣糖業股份有限公司,台南市仁德區田厝里文華路2段326號,延三觀光夜市,396
醬油,延三觀光夜市,汕頭老牌四神湯,萬家香醬園股份有限公司,台北市中山區德惠街9號5樓之6,延三觀光夜市,397
鹽,延三觀光夜市,汕頭老牌四神湯,台鹽實業股份有限公司,苗栗縣通霄鎮內島里122號,延三觀光夜市,398
沙拉油,延平北路三段45號前面,握蝦飯,大成長城企業股份有限公司,台南市永康區蔦松二街3號,延三觀光夜市,399
味精,延平北路三段45號前面,握蝦飯,味王股份有限公司,台北市中山區中山北路二段79號6樓,延三觀光夜市,400
醬油,延平北路三段45號前面,握蝦飯,雙美人牌,台北市大同區環河北路一段331號,延三觀光夜市,401
鹽,延平北路三段45號前面,握蝦飯,台鹽實業股份有限公司,苗栗縣通霄鎮內島里122號,延三觀光夜市,402
糖,延三觀光夜市,橋頭壽司,台灣糖業股份有限公司,台南市仁德區田厝里文華路2段326號,延三觀光夜市,403
醬油,延三觀光夜市,橋頭壽司,萬家香醬園股份有限公司,台北市中山區德惠街9號5樓之6,延三觀光夜市,404
鹽,延三觀光夜市,橋頭壽司,台鹽實業股份有限公司,苗栗縣通霄鎮內島里122號,延三觀光夜市,405
沙拉油,延平北路三段61之1號前面,專家,大成長城企業股份有限公司,台南市永康區蔦松二街3號,延三觀光夜市,406
香油,延平北路三段61之1號前面,專家,源順芝麻觀光油廠,雲林縣土庫鎮成功路1-62號,延三觀光夜市,407
甜辣醬,延平北路三段61之1號前面,專家,金蘭食品股份有限公司,桃園市大溪區介壽路236號,延三觀光夜市,408
辣椒醬,延平北路三段61之1號前面,專家,家見企業有限公司,台北市大同區歸綏街234號1樓,延三觀光夜市,409
糖,延平北路三段61之1號前面,專家,台灣糖業股份有限公司,台南市仁德區田厝里文華路2段326號,延三觀光夜市,410
醬油,延平北路三段61之1號前面,專家,統萬股份有限公司,台南市東區中華東路二段193號18樓之12,延三觀光夜市,411
醬油膏,延平北路三段61之1號前面,專家,萬家香醬園股份有限公司,台北市中山區德惠街9號5樓之6,延三觀光夜市,412
鹽,延平北路三段61之1號前面,專家,台鹽實業股份有限公司,苗栗縣通霄鎮內島里122號,延三觀光夜市,413
豬油,延三觀光夜市,大橋頭滷肉飯,自製,臺灣,延三觀光夜市,414
糖,延三觀光夜市,大橋頭滷肉飯,台灣糖業股份有限公司,台南市仁德區田厝里文華路2段326號,延三觀光夜市,415
醬油,延三觀光夜市,大橋頭滷肉飯,味王股份有限公司,台北市中山區中山北路二段79號6樓,延三觀光夜市,416
鹽,延三觀光夜市,大橋頭滷肉飯,台鹽實業股份有限公司,苗栗縣通霄鎮內島里122號,延三觀光夜市,417
沙拉油,延平北路三段119號前面,徐記涼麵,大成長城企業股份有限公司,台南市永康區蔦松二街3號,延三觀光夜市,418
味精,延平北路三段119號前面,徐記涼麵,味王股份有限公司,台北市中山區中山北路二段79號6樓,延三觀光夜市,419
芝麻醬,延平北路三段119號前面,徐記涼麵,自製,台灣,延三觀光夜市,420
醋,延平北路三段119號前面,徐記涼麵,迪化街商圈,台北市大同區迪化街一段,延三觀光夜市,421
糖,延平北路三段119號前面,徐記涼麵,台灣糖業股份有限公司,台南市仁德區田厝里文華路2段326號,延三觀光夜市,422
沙拉油,延平北路三段25之2號前面,蒸餃、酸辣湯,美食家食材通路股份有限公司,台南市安平區永華路二段373號,延三觀光夜市,423
香油,延平北路三段25之2號前面,蒸餃、酸辣湯,源順芝麻觀光油廠,雲林縣土庫鎮成功路1-62號,延三觀光夜市,424
糖,延平北路三段25之2號前面,蒸餃、酸辣湯,台灣糖業股份有限公司,台南市仁德區田厝里文華路2段326號,延三觀光夜市,425
醬油,延平北路三段25之2號前面,蒸餃、酸辣湯,萬家香醬園股份有限公司,台北市中山區德惠街9號5樓之6,延三觀光夜市,426
鹽,延平北路三段25之2號前面,蒸餃、酸辣湯,台鹽實業股份有限公司,苗栗縣通霄鎮內島里122號,延三觀光夜市,427
沙拉油,延平北路三段25之2號前面,延三夜市豆花嫂,美食家食材通路股份有限公司,台南市安平區永華路二段373號,延三觀光夜市,428
香油,延平北路三段25之2號前面,延三夜市豆花嫂,源順芝麻觀光油廠,雲林縣土庫鎮成功路1-62號,延三觀光夜市,429
糖,延平北路三段25之2號前面,延三夜市豆花嫂,台灣糖業股份有限公司,台南市仁德區田厝里文華路2段326號,延三觀光夜市,430
醬油,延平北路三段25之2號前面,延三夜市豆花嫂,萬家香醬園股份有限公司,台北市中山區德惠街9號5樓之6,延三觀光夜市,431
鹽,延平北路三段25之2號前面,延三夜市豆花嫂,台鹽實業股份有限公司,苗栗縣通霄鎮內島里122號,延三觀光夜市,432
沙拉油,延平北路三段25-3號,汕頭沙茶牛肉,大成長城企業股份有限公司,台南市永康區蔦松二街3號,延三觀光夜市,433
糖,延平北路三段25-3號,汕頭沙茶牛肉,台灣糖業股份有限公司,台南市仁德區田厝里文華路2段326號,延三觀光夜市,434
醬油,延平北路三段25-3號,汕頭沙茶牛肉,味王股份有限公司,台北市中山區中山北路二段79號6樓,延三觀光夜市,435
鹽,延平北路三段25-3號,汕頭沙茶牛肉,台鹽實業股份有限公司,苗栗縣通霄鎮內島里122號,延三觀光夜市,436
沙拉油,臨江街5號對面,阿爸ㄟ蒜香雞,美食家食材通路股份有限公司,台南市安平區永華路二段373號,臨江街觀光夜市,437
調味粉,臨江街5號對面,阿爸ㄟ蒜香雞,丹騰美食,新北市中和區廣福路56巷2弄5號,臨江街觀光夜市,438
味精,臨江街2巷口,關東甜不辣,味全食品工業股份有限公司,台北市中山區松江路125號,臨江街觀光夜市,439
糖,臨江街2巷口,關東甜不辣,台灣糖業股份有限公司,台南市仁德區田厝里文華路2段326號,臨江街觀光夜市,440
醬油,臨江街2巷口,關東甜不辣,金蘭食品股份有限公司,桃園市大溪區介壽路236號,臨江街觀光夜市,441
鹽,臨江街2巷口,關東甜不辣,台鹽實業股份有限公司,苗栗縣通霄鎮內島里122號,臨江街觀光夜市,442
海苔,臨江街5號對面,冠魚蛋小屋,冠魚蛋小屋(總店),臺北市士林區大南路(士林廟口前),臨江街觀光夜市,443
調味粉,臨江街5號對面,冠魚蛋小屋,冠魚蛋小屋(總店),臺北市士林區大南路(士林廟口前),臨江街觀光夜市,444
檸檬,臨江街5號對面,冠魚蛋小屋,冠魚蛋小屋(總店),臺北市士林區大南路(士林廟口前),臨江街觀光夜市,445
糖,臨江街2號對面,臨江紅豆餅,新亞醬園,新北市蘆洲區長安街285巷18號1樓,臨江街觀光夜市,446
沙拉油,臨江街2號對面,雞婆脆皮雞排,美食家食材通路股份有限公司,台南市安平區永華路二段373號,臨江街觀光夜市,447
調味粉,臨江街2號對面,雞婆脆皮雞排,通隆商行,台北市大安區通化街39巷49弄1號,臨江街觀光夜市,448
地瓜粉,臨江街2號左側第三家,吳記排骨酥,中曼貿易股份有限公司,台北市大安區信義路四段296號12樓之3,臨江街觀光夜市,449
耐炸油,臨江街2號左側第三家,吳記排骨酥,美食家食材通路股份有限公司,台南市安平區永華路二段373號,臨江街觀光夜市,450
胡椒鹽,臨江街2號左側第三家,吳記排骨酥,通隆商行,台北市大安區通化街39巷49弄1號,臨江街觀光夜市,451
辣椒粉,臨江街2號左側第三家,吳記排骨酥,濟生股份有限公司,台北市大同區安西街116號,臨江街觀光夜市,452
檸檬汁,臨江街70-72號中間,正宗泰式涼拌木瓜,第一果菜批發市場,台北市萬華區萬大路533號,臨江街觀光夜市,453
香油,通化街70-72號中間,禎記滷味,辰邦股份有限公司,新北市新莊區化成路403巷47號,臨江街觀光夜市,454
糖,通化街70-72號中間,禎記滷味,台灣糖業股份有限公司,台南市仁德區田厝里文華路2段326號,臨江街觀光夜市,455
醬油,通化街70-72號中間,禎記滷味,金蘭食品股份有限公司,桃園市大溪區介壽路236號,臨江街觀光夜市,456
冰糖,臨江街70號旁邊,青草茶苦茶,台灣糖業股份有限公司,台南市仁德區田厝里文華路2段326號,臨江街觀光夜市,457
太白粉,臨江街81號右側,蚵仔煎,易順興雜糧行,台北市信義區基隆路一段360號,臨江街觀光夜市,458
地瓜粉,臨江街81號右側,蚵仔煎,易順興雜糧行,台北市信義區基隆路一段360號,臨江街觀光夜市,459
糖,臨江街81號右側,蚵仔煎,台灣糖業股份有限公司,台南市仁德區田厝里文華路2段326號,臨江街觀光夜市,460
沙拉油,臨江街83號前左,魷魚船,丹騰美食,新北市中和區廣福路56巷2弄5號,臨江街觀光夜市,461
調味粉,臨江街83號前左,魷魚船,丹騰美食,新北市中和區廣福路56巷2弄5號,臨江街觀光夜市,462
香油,臨江街87號之11號,麻油雞,辰邦股份有限公司,新北市新莊區化成路403巷47號,臨江街觀光夜市,463
醬油,臨江街87號之11號,麻油雞,金蘭食品股份有限公司,桃園市大溪區介壽路236號,臨江街觀光夜市,464
鹽,臨江街87號之11號,麻油雞,台鹽實業股份有限公司,苗栗縣通霄鎮內島里122號,臨江街觀光夜市,465
耐炸油,臨江街81號前,金酥臭豆腐,美食家食材通路股份有限公司,台南市安平區永華路二段373號,臨江街觀光夜市,466
醬油,臨江街81號前,金酥臭豆腐,永芳醬園股份有限公司,新北市永和區仁愛路141巷52號,臨江街觀光夜市,467
沙拉油,臨江街83號中間,難忘胡椒蝦,美食家食材通路股份有限公司,台南市安平區永華路二段373號,臨江街觀光夜市,468
胡椒鹽,臨江街83號中間,難忘胡椒蝦,易順興雜糧行,台北市信義區基隆路一段360號,臨江街觀光夜市,469
醬油,臨江街83號中間,難忘胡椒蝦,金蘭食品股份有限公司,桃園市大溪區介壽路236號,臨江街觀光夜市,470
沙拉油,臨江街81號右側,林記小辣椒魷魚羹,美食家食材通路股份有限公司,台南市安平區永華路二段373號,臨江街觀光夜市,471
味精,臨江街81號右側,林記小辣椒魷魚羹,味全食品工業股份有限公司,台北市中山區松江路125號,臨江街觀光夜市,472
糖,臨江街81號右側,林記小辣椒魷魚羹,台灣糖業股份有限公司,台南市仁德區田厝里文華路2段326號,臨江街觀光夜市,473
醬油,臨江街81號右側,林記小辣椒魷魚羹,金蘭食品股份有限公司,桃園市大溪區介壽路236號,臨江街觀光夜市,474
鹽,臨江街81號右側,林記小辣椒魷魚羹,台鹽實業股份有限公司,苗栗縣通霄鎮內島里122號,臨江街觀光夜市,475
沙拉油,臨江街83號中間,鳳梨蝦球,美食家食材通路股份有限公司,台南市安平區永華路二段373號,臨江街觀光夜市,476
沙拉油,臨江街100號中間,漢記地瓜球,美食家食材通路股份有限公司,台南市安平區永華路二段373號,臨江街觀光夜市,477
調味粉,臨江街100號中間,漢記地瓜球,易順興雜糧行,台北市信義區基隆路一段360號,臨江街觀光夜市,478
糖,臨江街100號中間,漢記地瓜球,台灣糖業股份有限公司,台南市仁德區田厝里文華路2段326號,臨江街觀光夜市,479
醬油,臨江街93號對面臨江街93號對面,純手工一口吃煎餃,新亞醬園,新北市蘆洲區長安街285巷18號1樓,臨江街觀光夜市,480
麻辣油,臨江街夜市路中攤位,麻辣魚蛋,蛋蛋達人麻辣魚蛋,新北市板橋區南雅東路(南雅夜市內),臨江街觀光夜市,481
鹽,臨江街夜市路中攤位,麻辣魚蛋,台鹽實業股份有限公司,苗栗縣通霄鎮內島里122號,臨江街觀光夜市,482
糖,臨江街入口,QQ涼圓,台灣糖業股份有限公司,台南市仁德區田厝里文華路2段326號,臨江街觀光夜市,483
沙拉油,臨江街83號,盈家鹽酥菇,美食家食材通路股份有限公司,台南市安平區永華路二段373號,臨江街觀光夜市,484
胡椒鹽,臨江街83號,盈家鹽酥菇,竹森堂中藥店,新北市永和區永和路二段249號,臨江街觀光夜市,485
糖,臨江街81號中間,曾阿婆豬血糕,台灣糖業股份有限公司,台南市仁德區田厝里文華路2段326號,臨江街觀光夜市,486
醬油,臨江街81號中間,曾阿婆豬血糕,味王股份有限公司,台北市中山區中山北路二段79號6樓,臨江街觀光夜市,487
沙拉油,臨江街2號店前,鳳記轟炸雞無骨鹽酥雞,美食家食材通路股份有限公司,台南市安平區永華路二段373號,臨江街觀光夜市,488
米酒,中華路二段309巷-311巷間,甲林鐵板燒,菸酒公賣局,台灣,南機場夜市,577
鹽,臨江街夜市入口處,澎湖花生台南菱角,台鹽實業股份有限公司,苗栗縣通霄鎮內島里122號,臨江街觀光夜市,489
沙拉油,臨江街69號前面,海炸王,美食家食材通路股份有限公司,台南市安平區永華路二段373號,臨江街觀光夜市,490
糖,臨江街69號前面,海炸王,台灣糖業股份有限公司,台南市仁德區田厝里文華路2段326號,臨江街觀光夜市,491
鹽,臨江街69號前面,海炸王,台鹽實業股份有限公司,苗栗縣通霄鎮內島里122號,臨江街觀光夜市,492
醬油,通化街70號側邊,碳烤玉米,金蘭食品股份有限公司,桃園市大溪區介壽路236號,臨江街觀光夜市,493
魚露,通化街70號側邊,慈記涼拌木瓜,洋民有限公司,桃園市蘆竹區長安路2段116號,臨江街觀光夜市,494
糖,通化街70號側邊,慈記涼拌木瓜,台灣糖業股份有限公司,台南市仁德區田厝里文華路2段326號,臨江街觀光夜市,495
味精,臨江街87之12號,鍾通化魷魚羹,味王股份有限公司,台北市中山區中山北路二段79號6樓,臨江街觀光夜市,496
糖,臨江街87之12號,鍾通化魷魚羹,台灣糖業股份有限公司,台南市仁德區田厝里文華路2段326號,臨江街觀光夜市,497
醬油,臨江街87之12號,鍾通化魷魚羹,福壽實業股份有限公司,台中市沙鹿區沙田路45號,臨江街觀光夜市,498
鹽,臨江街87之12號,鍾通化魷魚羹,台鹽實業股份有限公司,苗栗縣通霄鎮內島里122號,臨江街觀光夜市,499
沙拉油,臨江街83號旁,寶素齋,美食家食材通路股份有限公司,台南市安平區永華路二段373號,臨江街觀光夜市,500
香油,臨江街83號旁,寶素齋,小磨坊國際貿易股份有限公司,台中市西屯區工業區一路70號7樓之1,臨江街觀光夜市,501
糖,臨江街83號旁,寶素齋,台灣糖業股份有限公司,台南市仁德區田厝里文華路2段326號,臨江街觀光夜市,502
醬油,臨江街83號旁,寶素齋,新亞醬園,新北市蘆洲區長安街285巷18號1樓,臨江街觀光夜市,503
鹽,臨江街83號旁,寶素齋,台鹽實業股份有限公司,苗栗縣通霄鎮內島里122號,臨江街觀光夜市,504
沙拉油,臨江街81號右側巷內,蔡蚵嗲,美食家食材通路股份有限公司,台南市安平區永華路二段373號,臨江街觀光夜市,505
香油,臨江街81號右側巷內,蔡蚵嗲,小磨坊國際貿易股份有限公司,台中市西屯區工業區一路70號7樓之1,臨江街觀光夜市,506
糖,臨江街81號右側巷內,蔡蚵嗲,台灣糖業股份有限公司,台南市仁德區田厝里文華路2段326號,臨江街觀光夜市,507
醬油,臨江街81號右側巷內,蔡蚵嗲,金蘭食品股份有限公司,桃園市大溪區介壽路236號,臨江街觀光夜市,508
鹽,臨江街81號右側巷內,蔡蚵嗲,台鹽實業股份有限公司,苗栗縣通霄鎮內島里122號,臨江街觀光夜市,509
醬油,通化街70號側邊,碳烤串燒,金蘭食品股份有限公司,桃園市大溪區介壽路236號,臨江街觀光夜市,510
豬油,170號前,台南米糕,自製,臺灣,西昌街觀光夜市,599
鹽,通化街70號側邊,碳烤串燒,台鹽實業股份有限公司,苗栗縣通霄鎮內島里122號,臨江街觀光夜市,511
甜辣醬,臨江街2號店前,芝麻園,三豐食品工廠,新北市新莊區化成路100號,臨江街觀光夜市,512
辣椒粉,臨江街2號店前,芝麻園,環球食品商行,嘉義縣民雄鄉興中村義橋1號之4,臨江街觀光夜市,513
醬油,臨江街2號店前,芝麻園,雙美人牌,台北市大同區環河北路一段331號,臨江街觀光夜市,514
沙拉油,臨江街2號店前,上海生煎包鍋貼,泰山企業股份有限公司,彰化縣田中鎮興工路6號,臨江街觀光夜市,515
鹽,臨江街2號店前,上海生煎包鍋貼,台鹽實業股份有限公司,苗栗縣通霄鎮內島里122號,臨江街觀光夜市,516
胡椒粉,臨江街7號店前,起司輪馬鈴薯,小磨坊國際貿易股份有限公司,台中市西屯區工業區一路70號7樓之1,臨江街觀光夜市,517
鹽,臨江街7號店前,起司輪馬鈴薯,台鹽實業股份有限公司,苗栗縣通霄鎮內島里122號,臨江街觀光夜市,518
沙拉油,臨江街1號店前,咖哩王子,泰山企業股份有限公司,彰化縣田中鎮興工路6號,臨江街觀光夜市,519
糖,臨江街1號店前,咖哩王子,台灣糖業股份有限公司,台南市仁德區田厝里文華路2段326號,臨江街觀光夜市,520
醬油,臨江街1號店前,咖哩王子,統萬股份有限公司,台南市東區中華東路二段193號18樓之12,臨江街觀光夜市,521
鹽,臨江街1號店前,咖哩王子,台鹽實業股份有限公司,苗栗縣通霄鎮內島里122號,臨江街觀光夜市,522
糖,臨江街92之1號前,九龍茶鋪,台灣糖業股份有限公司,台南市仁德區田厝里文華路2段326號,臨江街觀光夜市,523
格登炸雞,臨江街39巷50弄33號,格登炸雞,美食家食材通路股份有限公司,台南市安平區永華路二段373號,臨江街觀光夜市,524
胡椒,臨江街85號前,牛咩咩可麗餅,宏元食品行,台北市信義區松隆路50號一樓,臨江街觀光夜市,525
煉乳,臨江街85號前,印度拉茶,盛發興食品股份有限公司 ,雲林縣斗六市斗六工業區民享街1號,臨江街觀光夜市,526
沙拉油,臨江街83號路中,阿芳潤餅捲,台灣糖業股份有限公司,台南市仁德區田厝里文華路2段326號,臨江街觀光夜市,527
芥末粉,臨江街83號路中,阿芳潤餅捲,易順興雜糧行,台北市信義區基隆路一段360號,臨江街觀光夜市,528
辣椒醬,臨江街83號路中,阿芳潤餅捲,易順興雜糧行,台北市信義區基隆路一段360號,臨江街觀光夜市,529
糖,臨江街83號路中,阿芳潤餅捲,台灣糖業股份有限公司,台南市仁德區田厝里文華路2段326號,臨江街觀光夜市,530
黑糖,雙城街攤販臨時集中場(夜28),晴光仙草,台灣糖業股份有限公司,台南市仁德區田厝里文華路2段326號,雙城街夜市,531
淡煉乳,饒河街73號,橘象,盛發興食品股份有限公司,雲林縣斗六市榴中里民享街1號 新莊區五權五路19號,饒河街觀光夜市,532
白米,士林市場地下1樓45,蓁品美食,無品牌,台灣,士林觀光夜市,3305
糖,饒河街73號,橘象,台灣糖業股份有限公司,台南市仁德區田厝里文華路2段326號,饒河街觀光夜市,533
中藥材,179,馬家莊便當,永盛藥行有限公司,台北市大同區迪化街一段85號1樓,華西街觀光夜市,534
沙拉油,179,馬家莊便當,泰山企業股份有限公司,彰化縣田中鎮興工路6號,華西街觀光夜市,535
味精,179,馬家莊便當,味王股份有限公司,台北市中山區聚盛里中山北路2段79號5樓,華西街觀光夜市,536
糖,179,馬家莊便當,台灣糖業股份有限公司,台南市仁德區田厝里文華路2段326號,華西街觀光夜市,537
鹽,179,馬家莊便當,台鹽實業股份有限公司,苗栗縣通霄鎮內島里122號,華西街觀光夜市,538
沙拉油,士林市場地下1樓 56,長記林大餅包小餅,福壽實業股份有限公司,台中市沙鹿區沙田路45號,士林觀光夜市,539
豬油,士林市場地下1樓 56,長記林大餅包小餅,美食家食材通路股份有限公司,台南市安平區永華路二段373號,士林觀光夜市,540
糖,士林市場地下1樓 56,長記林大餅包小餅,台灣糖業股份有限公司,台南市仁德區田厝里文華路2段326號,士林觀光夜市,541
鹽,士林市場地下1樓 56,長記林大餅包小餅,台鹽實業股份有限公司,苗栗縣通霄鎮內島里122號,士林觀光夜市,542
味素,181,通記陽春麵,味丹企業股份有限公司,台中市沙鹿區興安路65號,華西街觀光夜市,543
油蔥酥,181,通記陽春麵,自製,台灣,華西街觀光夜市,544
豬油,181,通記陽春麵,自製,台灣,華西街觀光夜市,545
醬油,181,通記陽春麵,味全食品工業股份有限公司,台北市中山區松江路125號,華西街觀光夜市,546
醬油膏,181,通記陽春麵,雙美人醬油,台北市大同區環河北路一段331號,華西街觀光夜市,547
鹽,181,通記陽春麵,台鹽實業股份有限公司,苗栗縣通霄鎮內島里122號,華西街觀光夜市,548
可果美番茄醬,士林市場地下1樓 74-77,341牛排店,臺灣可果美股份有限公司,台南市善化區小新營394號,士林觀光夜市,549
沙拉油,士林市場地下1樓 74-77,341牛排店,福壽實業股份有限公司,台中市沙鹿區沙田路45號,士林觀光夜市,550
味精,士林市場地下1樓 74-77,341牛排店,味丹企業股份有限公司,台中市沙鹿區興安路65號,士林觀光夜市,551
香油,士林市場地下1樓 74-77,341牛排店,龍昇食品行,台北市士林區社中街6號1樓,士林觀光夜市,552
粗粒黑楜椒,士林市場地下1樓 74-77,341牛排店,祥鶴,台北市大同區民生西路403號,士林觀光夜市,553
番茄醬,士林市場地下1樓 74-77,341牛排店,臺灣可果美股份有限公司,台南市善化區小新營394號,士林觀光夜市,554
糖,士林市場地下1樓 74-77,341牛排店,台灣糖業股份有限公司,台南市仁德區田厝里文華路2段326號,士林觀光夜市,555
咖哩粉,17,蛋蛋屋,老公仔標,臺北市北投區立德路121巷18號,寧夏觀光夜市,2653
醬油,士林市場地下1樓 74-77,341牛排店,金蘭食品股份有限公司,桃園市大溪區介壽路236號,士林觀光夜市,556
鹽,士林市場地下1樓 74-77,341牛排店,台鹽實業股份有限公司,苗栗縣通霄鎮內島里122號,士林觀光夜市,557
沙拉油,士林市場地下1樓 033、034、073、074、075號,士林好記,美食家食材通路股份有限公司,台南市安平區永華路二段373號,士林觀光夜市,558
味精,士林市場地下1樓 033、034、073、074、075號,士林好記,味丹企業股份有限公司,台中市沙鹿區興安路65號,士林觀光夜市,559
香油,士林市場地下1樓 033、034、073、074、075號,士林好記,信成油廠股份有限公司,台北市大同區民生西路96號,士林觀光夜市,560
糖,士林市場地下1樓 033、034、073、074、075號,士林好記,台灣糖業股份有限公司,台南市仁德區田厝里文華路2段326號,士林觀光夜市,561
醬油,士林市場地下1樓 033、034、073、074、075號,士林好記,金蘭食品股份有限公司,桃園市大溪區介壽路236號,士林觀光夜市,562
鹽,士林市場地下1樓 033、034、073、074、075號,士林好記,台鹽實業股份有限公司,苗栗縣通霄鎮內島里122號,士林觀光夜市,563
沙拉油,遼寧街中興中學旁,綜合蝦仁蚵仔煎,大成長城企業股份有限公司,台南市永康區蔦松二街3號,遼寧街夜市,564
沙茶醬,遼寧街中興中學旁,綜合蝦仁蚵仔煎,好帝一食品有限公司,台南市新市區大營里豐榮160號,遼寧街夜市,565
味精,遼寧街中興中學旁,綜合蝦仁蚵仔煎,味全食品工業股份有限公司,台北市中山區松江路125號,遼寧街夜市,566
香油,遼寧街中興中學旁,綜合蝦仁蚵仔煎,信成油廠股份有限公司,台北市大同區民生西路96號,遼寧街夜市,567
糖,遼寧街中興中學旁,綜合蝦仁蚵仔煎,台灣糖業股份有限公司,台南市仁德區田厝里文華路2段326號,遼寧街夜市,568
醬油,遼寧街中興中學旁,綜合蝦仁蚵仔煎,萬家香醬園股份有限公司,台北市中山區德惠街9號5樓之6,遼寧街夜市,569
鹽,遼寧街中興中學旁,綜合蝦仁蚵仔煎,台鹽實業股份有限公司,苗栗縣通霄鎮內島里122號,遼寧街夜市,570
工研咖哩,遼寧街夜市,滑嫩嫩蛋屋,大安工研食品工廠股份有限公司,台北市大安區忠孝東路3段10巷1號,遼寧街夜市,571
沙拉油,遼寧街夜市,滑嫩嫩蛋屋,美食家食材通路股份有限公司,台南市安平區永華路二段373號,遼寧街夜市,572
糖,遼寧街夜市,滑嫩嫩蛋屋,台灣糖業股份有限公司,台南市仁德區田厝里文華路2段326號,遼寧街夜市,573
醬油,遼寧街夜市,滑嫩嫩蛋屋,金蘭食品股份有限公司,桃園市大溪區介壽路236號,遼寧街夜市,574
鹽,遼寧街夜市,滑嫩嫩蛋屋,台鹽實業股份有限公司,苗栗縣通霄鎮內島里122號,遼寧街夜市,575
米酒,中華路二段309巷-311巷間,甲林鐵板燒,臺灣菸酒股份有限公司,台北市中正區南昌路一段4號,南機場夜市,576
沙拉油,中華路二段309巷-311巷間,甲林鐵板燒,大成長城企業股份有限公司,台北市內湖區文湖街20號8樓,南機場夜市,578
味精,中華路二段309巷-311巷間,甲林鐵板燒,味丹企業股份有限公司,台中市沙鹿區興安路65號,南機場夜市,579
番茄糊,中華路二段309巷-311巷間,甲林鐵板燒,臺灣可果美股份有限公司,台南市善化區小新營394號,南機場夜市,580
糖,中華路二段309巷-311巷間,甲林鐵板燒,台灣糖業股份有限公司,台南市仁德區田厝里文華路2段326號,南機場夜市,581
醬油,中華路二段309巷-311巷間,甲林鐵板燒,金蘭食品股份有限公司,桃園市大溪區介壽路236號,南機場夜市,582
鹽,中華路二段309巷-311巷間,甲林鐵板燒,台鹽實業股份有限公司,苗栗縣通霄鎮內島里122號,南機場夜市,583
沙拉油,中華路二段307巷-309巷間,鈺師傅上海生煎包,福壽實業股份有限公司,台中市沙鹿區沙田路45號,南機場夜市,584
味精,中華路二段307巷-309巷間,鈺師傅上海生煎包,味丹企業股份有限公司,台中市沙鹿區興安路65號,南機場夜市,585
香油,中華路二段307巷-309巷間,鈺師傅上海生煎包,富味鄉食品股份有限公司,新北市五股區五權路53號,南機場夜市,586
辣椒醬,中華路二段307巷-309巷間,鈺師傅上海生煎包,高和興醬園股份有限公司,桃園縣蘆竹鄉新興村104號之7,南機場夜市,587
糖,中華路二段307巷-309巷間,鈺師傅上海生煎包,台灣糖業股份有限公司,台南市仁德區田厝里文華路2段326號,南機場夜市,588
醬油膏,中華路二段307巷-309巷間,鈺師傅上海生煎包,萬家香醬園股份有限公司,台北市中山區德惠街9號5樓之6,南機場夜市,589
鹽,中華路二段307巷-309巷間,鈺師傅上海生煎包,台鹽實業股份有限公司,苗栗縣通霄鎮內島里122號,南機場夜市,590
沙茶醬,延三觀光夜市,鐵板炒飯,好帝一食品有限公司,台南市新市區大營里豐榮160號,延三觀光夜市,591
香油,延三觀光夜市,鐵板炒飯,日發麻油行,新北市三重區瑞德里11鄰仁興街24巷2號1樓,延三觀光夜市,592
豬油,延三觀光夜市,鐵板炒飯,蘭州市場,台北市大同區昌吉街55號,延三觀光夜市,593
醋,延三觀光夜市,鐵板炒飯,大安工研食品工廠股份有限公司,台北市大安區忠孝東路3段10巷1號,延三觀光夜市,594
糖,延三觀光夜市,鐵板炒飯,台灣糖業股份有限公司,台南市仁德區田厝里文華路2段326號,延三觀光夜市,595
醬油,延三觀光夜市,鐵板炒飯,金蘭食品股份有限公司,桃園市大溪區介壽路236號,延三觀光夜市,596
鹽,延三觀光夜市,鐵板炒飯,台鹽實業股份有限公司,苗栗縣通霄鎮內島里122號,延三觀光夜市,597
香油,170號前,台南米糕,富味鄉食品股份有限公司,新北市五股區五權路53號,西昌街觀光夜市,598
糖,170號前,台南米糕,台灣糖業股份有限公司,台南市仁德區田厝里文華路2段326號,西昌街觀光夜市,600
醬油,170號前,台南米糕,鬼女神食品有限公司,台北市大同區哈密街50之3號1樓,西昌街觀光夜市,601
鹽,170號前,台南米糕,台鹽實業股份有限公司,苗栗縣通霄鎮內島里122號,西昌街觀光夜市,602
沙茶醬,饒河街345號路中,玉米哥直立式碳烤,勝益興食品有限公司,高雄市三民區遼北街7號,饒河街觀光夜市,603
糖,饒河街345號路中,玉米哥直立式碳烤,台灣糖業股份有限公司,台南市仁德區田厝里文華路2段326號,饒河街觀光夜市,604
醬油,饒河街345號路中,玉米哥直立式碳烤,新亞醬園,新北市蘆洲區長安街285巷18號1樓,饒河街觀光夜市,605
鹽,饒河街345號路中,玉米哥直立式碳烤,台鹽實業股份有限公司,苗栗縣通霄鎮內島里122號,饒河街觀光夜市,606
沙拉油,饒河街夜市路中348號,阿根脆皮臭豆腐,美食家食材通路股份有限公司,台南市安平區永華路二段373號,饒河街觀光夜市,607
蒜泥,饒河街夜市路中348號,阿根脆皮臭豆腐,環南市場,台北市萬華區環河南路二段245號,饒河街觀光夜市,608
糖,饒河街夜市路中348號,阿根脆皮臭豆腐,台灣糖業股份有限公司,台南市仁德區田厝里文華路2段326號,饒河街觀光夜市,609
醬油,饒河街夜市路中348號,阿根脆皮臭豆腐,西螺大同醬油股份有限公司,雲林縣斗六市工業區斗工二路39號,饒河街觀光夜市,610
鹽,饒河街夜市路中348號,阿根脆皮臭豆腐,台鹽實業股份有限公司,苗栗縣通霄鎮內島里122號,饒河街觀光夜市,611
糖,中華路二段311巷-313巷間,好了啦超大杯,台灣糖業股份有限公司,台南市仁德區田厝里文華路2段326號,南機場夜市,612
味精,中華路二段307巷20號旁,山內雞肉,味丹企業股份有限公司,台中市沙鹿區興安路65號,南機場夜市,613
糖,中華路二段307巷20號旁,山內雞肉,台灣糖業股份有限公司,台南市仁德區田厝里文華路2段326號,南機場夜市,614
醬油,中華路二段307巷20號旁,山內雞肉,萬家香醬園股份有限公司,台北市中山區德惠街9號5樓之6,南機場夜市,615
鹽,中華路二段307巷20號旁,山內雞肉,台鹽實業股份有限公司,苗栗縣通霄鎮內島里122號,南機場夜市,616
沙拉油,中華路二段307巷-309巷間,阿榮刈包,大成長城企業股份有限公司,台北市內湖區文湖街20號8樓,南機場夜市,617
沙茶醬,中華路二段307巷-309巷間,阿榮刈包,好帝一食品有限公司,台南市新市區大營里豐榮160號,南機場夜市,618
味精,中華路二段307巷-309巷間,阿榮刈包,味丹企業股份有限公司,台中市沙鹿區興安路65號,南機場夜市,619
香油,中華路二段307巷-309巷間,阿榮刈包,辰邦股份有限公司,新北市新莊區化成路403巷47號,南機場夜市,620
糖,中華路二段307巷-309巷間,阿榮刈包,台灣糖業股份有限公司,台南市仁德區田厝里文華路2段326號,南機場夜市,621
醬油,中華路二段307巷-309巷間,阿榮刈包,統一企業股份有限公司,台南市永康區鹽行里中正路301號,南機場夜市,622
鹽,中華路二段307巷-309巷間,阿榮刈包,台鹽實業股份有限公司,苗栗縣通霄鎮內島里122號,南機場夜市,623
沙拉油,中華路二段315巷口,爆漿雞蛋糕,美食家食材通路股份有限公司,台南市安平區永華路二段373號,南機場夜市,624
糖,中華路二段315巷口,爆漿雞蛋糕,台灣糖業股份有限公司,台南市仁德區田厝里文華路2段326號,南機場夜市,625
糖,中華路二段309巷-311巷間,阿吉紅茶豆漿,台灣糖業股份有限公司,台南市仁德區田厝里文華路2段326號,南機場夜市,626
沙拉油,饒河街192號前對面路中,大雞排,美食家食材通路股份有限公司,台南市安平區永華路二段373號,饒河街觀光夜市,627
味精,饒河街192號前對面路中,大雞排,味全食品工業股份有限公司,台北市中山區松江路125號,饒河街觀光夜市,628
胡椒粉等香料,饒河街192號前對面路中,大雞排,小磨坊國際貿易股份有限公司,台中市西屯區工業區一路70號7樓之1,饒河街觀光夜市,629
糖,饒河街192號前對面路中,大雞排,台灣糖業股份有限公司,台南市仁德區田厝里文華路2段326號,饒河街觀光夜市,630
醬油,饒河街192號前對面路中,大雞排,統一企業股份有限公司,台南市永康區鹽行里中正路301號,饒河街觀光夜市,631
鹽,饒河街192號前對面路中,大雞排,台鹽實業股份有限公司,苗栗縣通霄鎮內島里122號,饒河街觀光夜市,632
沙拉油,中華路二段309巷-311巷間,好吃炸雞,美食家食材通路股份有限公司,台南市安平區永華路二段373號,南機場夜市,633
胡椒粉,中華路二段309巷-311巷間,好吃炸雞,好吃炸雞(自創品牌),台北市中正區中華路二段315巷41號,南機場夜市,634
辣椒粉,中華路二段309巷-311巷間,好吃炸雞,好吃炸雞(自創品牌),台北市中正區中華路二段315巷41號,南機場夜市,635
糖,中華路二段309巷-311巷間,好吃炸雞,台灣糖業股份有限公司,台南市仁德區田厝里文華路2段326號,南機場夜市,636
醬油膏,中華路二段309巷-311巷間,好吃炸雞,金蘭食品股份有限公司,桃園市大溪區介壽路236號,南機場夜市,637
味精,中華路二段315巷口,正宗福州麵,味丹企業股份有限公司,台中市沙鹿區興安路65號,南機場夜市,638
香油,中華路二段315巷口,正宗福州麵,台耕產業工廠有限公司,台中市沙鹿區興安路80巷5號,南機場夜市,639
豬油,中華路二段315巷口,正宗福州麵,自製,台灣,南機場夜市,640
糖,中華路二段315巷口,正宗福州麵,台灣糖業股份有限公司,台南市仁德區田厝里文華路2段326號,南機場夜市,641
醬油,中華路二段315巷口,正宗福州麵,一品醬園有限公司,新北市土城區自強街24號,南機場夜市,642
鹽,中華路二段315巷口,正宗福州麵,台鹽實業股份有限公司,台南市南區健康路1段297號,南機場夜市,643
沙拉油,中華路二段309巷-311巷間,小都都水煎包,大成長城企業股份有限公司,台北市內湖區文湖街20號8樓,南機場夜市,644
味精,中華路二段309巷-311巷間,小都都水煎包,味丹企業股份有限公司,台中市沙鹿區興安路65號,南機場夜市,645
香油,中華路二段309巷-311巷間,小都都水煎包,信成油廠股份有限公司,台北市大同區民生西路96號,南機場夜市,646
糖,中華路二段309巷-311巷間,小都都水煎包,台灣糖業股份有限公司,台南市仁德區田厝里文華路2段326號,南機場夜市,647
醬油,中華路二段309巷-311巷間,小都都水煎包,金蘭食品股份有限公司,桃園市大溪區介壽路236號,南機場夜市,648
鹽,中華路二段309巷-311巷間,小都都水煎包,台鹽實業股份有限公司,苗栗縣通霄鎮內島里122號,南機場夜市,649
酒,中華路二段311巷-313巷間,阿男麻油雞,臺灣菸酒股份有限公司,台北市中正區南昌路一段4號,南機場夜市,650
麻油,中華路二段311巷-313巷間,阿男麻油雞,信成油廠股份有限公司,台北市大同區民生西路96號,南機場夜市,651
糖,中華路二段311巷-313巷間,阿男麻油雞,台灣糖業股份有限公司,台南市仁德區田厝里文華路2段326號,南機場夜市,652
醬油,中華路二段311巷-313巷間,阿男麻油雞,金蘭食品股份有限公司,桃園市大溪區介壽路236號,南機場夜市,653
鹽,中華路二段311巷-313巷間,阿男麻油雞,台鹽實業股份有限公司,苗栗縣通霄鎮內島里122號,南機場夜市,654
二砂,雙城街臨時攤販集中場(夜02),高記冰品,台灣糖業股份有限公司,台南市仁德區田厝里文華路2段326號,雙城街夜市,655
白糖,雙城街臨時攤販集中場(夜02),高記冰品,台灣糖業股份有限公司,台南市仁德區田厝里文華路2段326號,雙城街夜市,656
沙拉油,中華路二段309巷-311巷間,(榮)麻辣,大成長城企業股份有限公司,台北市內湖區文湖街20號8樓,南機場夜市,657
味精,中華路二段309巷-311巷間,(榮)麻辣,味丹企業股份有限公司,台中市沙鹿區興安路65號,南機場夜市,658
香油,中華路二段309巷-311巷間,(榮)麻辣,辰邦股份有限公司,新北市新莊區化成路403巷47號,南機場夜市,659
辣豆瓣,中華路二段309巷-311巷間,(榮)麻辣,香山食品廠,新竹市牛埔路280號,南機場夜市,660
豬油,中華路二段309巷-311巷間,(榮)麻辣,自製,臺灣,南機場夜市,661
醬油,中華路二段309巷-311巷間,(榮)麻辣,味王股份有限公司,台北市中山區聚盛里中山北路2段79號5樓,南機場夜市,662
鹽,中華路二段309巷-311巷間,(榮)麻辣,台鹽實業股份有限公司,苗栗縣通霄鎮內島里122號,南機場夜市,663
沙拉油,饒河街187號,瘋炸魷魚,美食家食材通路股份有限公司,台南市安平區永華路二段373號,饒河街觀光夜市,664
味精,饒河街187號,瘋炸魷魚,味全食品工業股份有限公司,台北市中山區松江路125號,饒河街觀光夜市,665
糖,饒河街187號,瘋炸魷魚,台灣糖業股份有限公司,台南市仁德區田厝里文華路2段326號,饒河街觀光夜市,666
醬油,饒河街187號,瘋炸魷魚,統一企業股份有限公司,台南市永康區鹽行里中正路301號,饒河街觀光夜市,667
鹽,饒河街187號,瘋炸魷魚,台鹽實業股份有限公司,苗栗縣通霄鎮內島里122號,饒河街觀光夜市,668
沙拉油,士林市場地下1樓 25-28,阿璣師牛排,福壽實業股份有限公司,台中市沙鹿區沙田路45號,士林觀光夜市,669
味精,士林市場地下1樓 25-28,阿璣師牛排,味全食品工業股份有限公司,台北市中山區松江路125號,士林觀光夜市,670
香油,士林市場地下1樓 25-28,阿璣師牛排,福壽實業股份有限公司,台中市沙鹿區沙田路45號,士林觀光夜市,671
糖,士林市場地下1樓 25-28,阿璣師牛排,台灣糖業股份有限公司,台南市仁德區田厝里文華路2段326號,士林觀光夜市,672
醬油,士林市場地下1樓 25-28,阿璣師牛排,金蘭食品股份有限公司,桃園市大溪區介壽路236號,士林觀光夜市,673
鹽,士林市場地下1樓 25-28,阿璣師牛排,台鹽實業股份有限公司,苗栗縣通霄鎮內島里122號,士林觀光夜市,674
哇沙米,饒河街路中342、229號,台中新社菇,小磨坊國際貿易股份有限公司,台中市西屯區工業區一路70號7樓之1,饒河街觀光夜市,675
胡椒,饒河街路中342、229號,台中新社菇,小磨坊國際貿易股份有限公司,台中市西屯區工業區一路70號7樓之1,饒河街觀光夜市,676
新疆孜然,饒河街路中342、229號,台中新社菇,小磨坊國際貿易股份有限公司,台中市西屯區工業區一路70號7樓之1,饒河街觀光夜市,677
辣椒,饒河街路中342、229號,台中新社菇,小磨坊國際貿易股份有限公司,台中市西屯區工業區一路70號7樓之1,饒河街觀光夜市,678
糖,饒河街路中342、229號,台中新社菇,台灣糖業股份有限公司,台南市仁德區田厝里文華路2段326號,饒河街觀光夜市,679
檸檬椒鹽,饒河街路中342、229號,台中新社菇,小磨坊國際貿易股份有限公司,台中市西屯區工業區一路70號7樓之1,饒河街觀光夜市,680
醬油,饒河街路中342、229號,台中新社菇,金蘭食品股份有限公司,桃園市大溪區介壽路236號,饒河街觀光夜市,681
鹽,饒河街路中342、229號,台中新社菇,台鹽實業股份有限公司,苗栗縣通霄鎮內島里122號,饒河街觀光夜市,682
黑糖,雙城街臨時攤販集中場(夜09),城市愛玉,台灣糖業股份有限公司,台南市仁德區田厝里文華路2段326號,雙城街夜市,683
糖,雙城街臨時攤販集中場(夜09),城市愛玉,台灣糖業股份有限公司,台南市仁德區田厝里文華路2段326號,雙城街夜市,684
香草莢,中華路二段313巷內,香酥雞蛋糕,義興食品有限公司,彰化縣二水鄉員集路四段328號,南機場夜市,685
糖,中華路二段313巷內,香酥雞蛋糕,台灣糖業股份有限公司,台南市仁德區田厝里文華路2段326號,南機場夜市,686
酒,遼寧街中興中學旁(12),麻油腰只筒仔米糕,統香珍生技股份有限公司,苗栗縣竹南鎮博愛街183號,遼寧街夜市,687
麻油,遼寧街中興中學旁(12),麻油腰只筒仔米糕,信成油廠股份有限公司,臺北市大同區民生西路96號,遼寧街夜市,688
醬油膏,遼寧街中興中學旁(12),麻油腰只筒仔米糕,金蘭食品股份有限公司,桃園市大溪區介壽路236號,遼寧街夜市,689
香油,遼寧街81巷口,以琳廣東粥,辰邦股份有限公司,新北市新莊區化成路403巷47號,遼寧街夜市,690
豬油,遼寧街81巷口,以琳廣東粥,自製,台灣,遼寧街夜市,691
糖,遼寧街81巷口,以琳廣東粥,台灣糖業股份有限公司,台南市仁德區田厝里文華路2段326號,遼寧街夜市,692
醬油,遼寧街81巷口,以琳廣東粥,金蘭食品股份有限公司,桃園縣大溪鎮,遼寧街夜市,693
鹽,遼寧街81巷口,以琳廣東粥,台鹽實業股份有限公司,苗栗縣通霄鎮內島里122號,遼寧街夜市,694
米酒,遼寧街中興中學旁(04),冬冬豬腸冬粉,永續酒業股份有限公司,苗栗縣頭份鎮蘆竹里蘆竹路170號,遼寧街夜市,695
味精,遼寧街中興中學旁(04),冬冬豬腸冬粉,味丹企業股份有限公司,台中市沙鹿區興安路65號,遼寧街夜市,696
醬油,遼寧街中興中學旁(04),冬冬豬腸冬粉,統一企業股份有限公司,台南市永康區鹽行里中正路301號,遼寧街夜市,697
鹽,遼寧街中興中學旁(04),冬冬豬腸冬粉,台鹽實業股份有限公司,苗栗縣通霄鎮內島里122號,遼寧街夜市,698
糖,遼寧街中興中學旁,紅心粉圓,台灣糖業股份有限公司,台南市仁德區田厝里文華路2段326號,遼寧街夜市,699
沙拉油,遼寧街83號教堂旁,圓仔便當店,美食家食材通路股份有限公司,台南市安平區永華路二段373號,遼寧街夜市,700
味精,遼寧街83號教堂旁,圓仔便當店,味全食品工業股份有限公司,台北市中山區松江路125號,遼寧街夜市,701
香油,遼寧街83號教堂旁,圓仔便當店,提香食品企業社,台南縣安定鄉六嘉村六塊寮41-3號,遼寧街夜市,702
糖,遼寧街83號教堂旁,圓仔便當店,台灣糖業股份有限公司,台南市仁德區田厝里文華路2段326號,遼寧街夜市,703
鹽,遼寧街83號教堂旁,圓仔便當店,台鹽實業股份有限公司,苗栗縣通霄鎮內島里122號,遼寧街夜市,704
鹽巴,士林市場地下1樓45,蓁品美食,無品牌,台灣,士林觀光夜市,3306
沙拉油,中華路二段311巷-313巷間,火車站麵飯店,美食家食材通路股份有限公司,台南市安平區永華路二段373號,南機場夜市,705
味精,中華路二段311巷-313巷間,火車站麵飯店,味全食品工業股份有限公司,台北市中山區松江路125號,南機場夜市,706
糖,中華路二段311巷-313巷間,火車站麵飯店,台灣糖業股份有限公司,台南市仁德區田厝里文華路2段326號,南機場夜市,707
醬油,中華路二段311巷-313巷間,火車站麵飯店,金蘭食品股份有限公司,桃園市大溪區介壽路236號,南機場夜市,708
鹽,中華路二段311巷-313巷間,火車站麵飯店,台鹽實業股份有限公司,台南市南區健康路1段297號,南機場夜市,709
沙拉油,景文街133號,祖傳牛肉麵,大成長城企業股份有限公司,台南市永康區蔦松二街3號,景美夜市,710
香油,景文街133號,祖傳牛肉麵,福壽實業股份有限公司,台中市沙鹿區沙田路45號,景美夜市,711
醬油,景文街133號,祖傳牛肉麵,瑞春醬油有限公司,雲林縣西螺鎮延平路438號,景美夜市,712
鹽,景文街133號,祖傳牛肉麵,台鹽實業股份有限公司,苗栗縣通霄鎮內島里122號,景美夜市,713
沙拉油,饒河街109號前路中,潤餅捲,福壽實業股份有限公司,台中市沙鹿區沙田路45號,饒河街觀光夜市,714
甜辣醬,饒河街109號前路中,潤餅捲,三豐食品工廠,新北市新莊區化成路100號,饒河街觀光夜市,715
沙拉油,(日)中華路二段313巷、315巷間,阿信早餐店,大成長城企業股份有限公司,台北市內湖區文湖街20號8樓,南機場夜市,716
美乃滋,(日)中華路二段313巷、315巷間,阿信早餐店,祥鈺食品行,新北市中和區中山路二段482巷47號,南機場夜市,717
香油,(日)中華路二段313巷、315巷間,阿信早餐店,辰邦股份有限公司,新北市新莊區化成路403巷47號,南機場夜市,718
番茄醬,(日)中華路二段313巷、315巷間,阿信早餐店,臺灣可果美股份有限公司,台南市善化區小新營394號,南機場夜市,719
糖,(日)中華路二段313巷、315巷間,阿信早餐店,台灣糖業股份有限公司,台南市仁德區田厝里文華路2段326號,南機場夜市,720
鮮奶油,(日)中華路二段313巷、315巷間,阿信早餐店,虹旭企業有限公司,新北市汐止區福德一路392巷22弄14號2樓,南機場夜市,721
醬油,(日)中華路二段313巷、315巷間,阿信早餐店,新亞醬園,新北市蘆洲區長安街285巷18號1樓,南機場夜市,722
鹽,(日)中華路二段313巷、315巷間,阿信早餐店,台鹽實業股份有限公司,苗栗縣通霄鎮內島里122號,南機場夜市,723
山葵,中華路二段311巷-313巷間,小柳生魚,信州食品股份有限公司,台北市中山區龍江路328巷4號1樓,南機場夜市,724
味噌味醂,中華路二段311巷-313巷間,小柳生魚,穀盛股份有限公司,嘉義縣民雄工業區中正路36號,南機場夜市,725
美乃滋,中華路二段311巷-313巷間,小柳生魚,桂冠實業股份有限公司,台北市中正區羅斯福路三段126號2樓,南機場夜市,726
糖,中華路二段311巷-313巷間,小柳生魚,台灣糖業股份有限公司,台南市仁德區田厝里文華路2段326號,南機場夜市,727
醬油,中華路二段311巷-313巷間,小柳生魚,金蘭食品股份有限公司,桃園市大溪區介壽路236號,南機場夜市,728
鹽,中華路二段311巷-313巷間,小柳生魚,台鹽實業股份有限公司,苗栗縣通霄鎮內島里122號,南機場夜市,729
玉米粒,饒河街109號,口?品臭豆腐,味全食品工業股份有限公司,台北市中山區松江路125號,饒河街觀光夜市,730
沙拉油,饒河街109號,口?品臭豆腐,大統益股份有限公司,台南市官田區二鎮里工業西路32號,饒河街觀光夜市,731
味精,饒河街109號,口?品臭豆腐,味全食品工業股份有限公司,台北市中山區松江路125號,饒河街觀光夜市,732
醬油,饒河街109號,口?品臭豆腐,金蘭食品股份有限公司,桃園市大溪區介壽路236號,饒河街觀光夜市,733
鹽,饒河街109號,口?品臭豆腐,台鹽實業股份有限公司,苗栗縣通霄鎮內島里122號,饒河街觀光夜市,734
玫瑰鹽,饒河街夜市路中334號,澳洲岩烤和牛,飛馬,臺灣,饒河街觀光夜市,735
玫瑰鹽,饒河街夜市路中334號,澳洲岩烤和牛,濟生股份有限公司,台北市大同區安西街116號,饒河街觀光夜市,736
胡椒粉,饒河街夜市路中334號,澳洲岩烤和牛,飛馬,臺灣,饒河街觀光夜市,737
胡椒粉,饒河街夜市路中334號,澳洲岩烤和牛,濟生股份有限公司,台北市大同區安西街116號,饒河街觀光夜市,738
麻辣粉,饒河街夜市路中334號,澳洲岩烤和牛,飛馬,臺灣,饒河街觀光夜市,739
麻辣粉,饒河街夜市路中334號,澳洲岩烤和牛,濟生股份有限公司,台北市大同區安西街116號,饒河街觀光夜市,740
芝麻,饒河街214號攤位,顏家寧夏手撕雞,家見企業有限公司,台北市大同區歸綏街234號1樓,饒河街觀光夜市,741
花生粉,饒河街214號攤位,顏家寧夏手撕雞,家見企業有限公司,台北市大同區歸綏街234號1樓,饒河街觀光夜市,742
香油,饒河街214號攤位,顏家寧夏手撕雞,信成油廠股份有限公司,台北市大同區民生西路96號,饒河街觀光夜市,743
蒜泥,饒河街214號攤位,顏家寧夏手撕雞,家見企業有限公司,台北市大同區歸綏街234號1樓,饒河街觀光夜市,744
糖,饒河街214號攤位,顏家寧夏手撕雞,台灣糖業股份有限公司,台南市仁德區田厝里文華路2段326號,饒河街觀光夜市,745
醬油,饒河街214號攤位,顏家寧夏手撕雞,萬家香醬園股份有限公司,台北市中山區德惠街9號5樓之6,饒河街觀光夜市,746
沙拉油,雙城街攤販臨時集中場(夜40),蔥抓餅,美食家食材通路股份有限公司,台南市安平區永華路二段373號,雙城街夜市,747
棕櫚油,雙城街攤販臨時集中場(夜40),蔥抓餅,幸福兄弟企業股份有限公司,新北市樹林區太順街116號,雙城街夜市,748
醬油膏,雙城街攤販臨時集中場(夜40),蔥抓餅,新亞醬園,新北市蘆洲區長安街285巷18號1樓,雙城街夜市,749
鹽,雙城街攤販臨時集中場(夜40),蔥抓餅,台鹽實業股份有限公司,苗栗縣通霄鎮內島里122號,雙城街夜市,750
沙茶醬,中華路二段307巷-309巷間,台灣第一家碳烤鹽酥雞,好帝一食品有限公司,台南市新市區大營里豐榮160號,南機場夜市,751
香油,中華路二段307巷-309巷間,台灣第一家碳烤鹽酥雞,富味鄉食品股份有限公司,新北市五股區五權路53號,南機場夜市,752
料理米酒,中華路二段307巷-309巷間,台灣第一家碳烤鹽酥雞,大富酒業股份有限公司,新竹縣新豐鄉埔和村埔頂156號,南機場夜市,753
椒鹽粉,中華路二段307巷-309巷間,台灣第一家碳烤鹽酥雞,台灣第一家有限公司,新北市土城區成功街2之1號,南機場夜市,754
辣椒粉,中華路二段307巷-309巷間,台灣第一家碳烤鹽酥雞,台灣第一家有限公司,新北市土城區成功街2之1號,南機場夜市,755
糖,中華路二段307巷-309巷間,台灣第一家碳烤鹽酥雞,台灣糖業股份有限公司,台南市仁德區田厝里文華路2段326號,南機場夜市,756
醬油,中華路二段307巷-309巷間,台灣第一家碳烤鹽酥雞,萬家香醬園股份有限公司,台北市中山區德惠街9號5樓之6,南機場夜市,757
雞油,中華路二段307巷-309巷間,台灣第一家碳烤鹽酥雞,自製,台灣,南機場夜市,758
鹽,中華路二段307巷-309巷間,台灣第一家碳烤鹽酥雞,台鹽實業股份有限公司,苗栗縣通霄鎮內島里122號,南機場夜市,759
冰糖,雙城街攤販臨時集中場(夜28),阿聖紅麵線,台灣糖業股份有限公司,台南市仁德區田厝里文華路2段326號,雙城街夜市,760
米酒,雙城街攤販臨時集中場(夜28),阿聖紅麵線,臺灣菸酒股份有限公司,台北市中正區南昌路一段4號,雙城街夜市,761
辣椒脯,雙城街攤販臨時集中場(夜28),阿聖紅麵線,自製,臺灣,雙城街夜市,762
醬油,雙城街攤販臨時集中場(夜28),阿聖紅麵線,萬家香醬園股份有限公司,台北市中山區德惠街9號5樓之6,雙城街夜市,763
鹽,雙城街攤販臨時集中場(夜28),阿聖紅麵線,台鹽實業股份有限公司,苗栗縣通霄鎮內島里122號,雙城街夜市,764
工研海山醬,士林市場地下1樓 29~35,忠誠號蚵仔煎,大安工研食品工廠股份有限公司,台北市大安區忠孝東路3段10巷1號,士林觀光夜市,765
工研烏醋,士林市場地下1樓 29~35,忠誠號蚵仔煎,大安工研食品工廠股份有限公司,台北市大安區忠孝東路3段10巷1號,士林觀光夜市,766
米酒,廣州街龍山國小側門前,深海郭魚湯,臺灣菸酒股份有限公司,台北市中正區南昌路一段4號,廣州街觀光夜市,811
牛頭牌沙茶醬,士林市場地下1樓 29~35,忠誠號蚵仔煎,好帝一食品有限公司,台南市新市區大營里豐榮160號,士林觀光夜市,767
可果美番茄醬,士林市場地下1樓 29~35,忠誠號蚵仔煎,臺灣可果美股份有限公司,台南市善化區小新營394號,士林觀光夜市,768
沙拉油,士林市場地下1樓 29~35,忠誠號蚵仔煎,大成長城企業股份有限公司,台北市內湖區文湖街20號8樓,士林觀光夜市,769
金蘭甲等,士林市場地下1樓 29~35,忠誠號蚵仔煎,金蘭食品股份有限公司,桃園市大溪區介壽路236號,士林觀光夜市,770
香油,士林市場地下1樓 29~35,忠誠號蚵仔煎,龍昇食品行,台北市士林區社中街6號1樓,士林觀光夜市,771
家見麻油四川醬,士林市場地下1樓 29~35,忠誠號蚵仔煎,家見企業有限公司,台北市大同區歸綏街234號1樓,士林觀光夜市,772
海味味精,士林市場地下1樓 29~35,忠誠號蚵仔煎,味丹企業股份有限公司,台中市沙鹿區興安路65號,士林觀光夜市,773
高級精鹽,士林市場地下1樓 29~35,忠誠號蚵仔煎,台鹽實業股份有限公司,苗栗縣通霄鎮內島里122號,士林觀光夜市,774
五香粉,中華路二段309巷-311巷間,汕頭麵,統隆企業有限公司,台北市北投區立德路121巷18號,南機場夜市,775
沙拉油,中華路二段309巷-311巷間,汕頭麵,大成長城企業股份有限公司,台北市內湖區文湖街20號8樓,南機場夜市,776
沙茶醬,中華路二段309巷-311巷間,汕頭麵,好帝一食品有限公司,台南市新市區大營里豐榮160號,南機場夜市,777
味精,中華路二段309巷-311巷間,汕頭麵,味丹企業股份有限公司,台中市沙鹿區興安路65號,南機場夜市,778
胡椒粉,中華路二段309巷-311巷間,汕頭麵,濟生股份有限公司,台北市大同區安西街116號,南機場夜市,779
醋,中華路二段309巷-311巷間,汕頭麵,大安工研食品工廠股份有限公司,台北市大安區忠孝東路3段10巷1號,南機場夜市,780
醬油,中華路二段309巷-311巷間,汕頭麵,萬家香醬園股份有限公司,台北市中山區德惠街9號5樓之6,南機場夜市,781
糖,中華路二段311巷-313巷間,玉米家,台灣糖業股份有限公司,台南市仁德區田厝里文華路2段326號,南機場夜市,782
醬油,中華路二段311巷-313巷間,玉米家,裕泉醬油工廠,彰化縣花壇鄉中山路二段509號,南機場夜市,783
鹽,中華路二段311巷-313巷間,玉米家,台鹽實業股份有限公司,苗栗縣通霄鎮內島里122號,南機場夜市,784
沙拉油,長安東路2段171-9號前,雞站鹽酥雞,美食家食材通路股份有限公司,台南市安平區永華路二段373號,遼寧街夜市,785
香油,長安東路2段171-9號前,雞站鹽酥雞,辰邦股份有限公司,新北市新莊區化成路403巷47號,遼寧街夜市,786
糖,長安東路2段171-9號前,雞站鹽酥雞,台灣糖業股份有限公司,台南市仁德區田厝里文華路2段326號,遼寧街夜市,787
鹽,長安東路2段171-9號前,雞站鹽酥雞,台鹽實業股份有限公司,苗栗縣通霄鎮內島里122號,遼寧街夜市,788
黑糖,23,三星蔥肉捲,寶山糖業有限公司,新竹縣寶山鄉寶新路312號,寧夏觀光夜市,789
糖,23,三星蔥肉捲,台灣糖業股份有限公司,台南市仁德區田厝里文華路2段326號,寧夏觀光夜市,790
醬油、醬油膏,23,三星蔥肉捲,金蘭食品股份有限公司,桃園市大溪區介壽路236號,寧夏觀光夜市,791
沙拉油,28,炒飯郎,大成長城企業股份有限公司,台南市永康區蔦松二街3號,寧夏觀光夜市,792
味醂,28,炒飯郎,穀盛股份有限公司,嘉義縣民雄工業區中正路36號,寧夏觀光夜市,793
糖,28,炒飯郎,台灣糖業股份有限公司,台南市仁德區田厝里文華路2段326號,寧夏觀光夜市,794
醬油,28,炒飯郎,金蘭食品股份有限公司,桃園市大溪區介壽路236號,寧夏觀光夜市,795
鹽,28,炒飯郎,台鹽實業股份有限公司,苗栗縣通霄鎮內島里122號,寧夏觀光夜市,796
味精,38,范太太赤肉飯,味全食品工業股份有限公司,台北市中山區松江路125號,寧夏觀光夜市,797
香油,38,范太太赤肉飯,信成油廠股份有限公司,台北市大同區民生西路96號,寧夏觀光夜市,798
豬油,38,范太太赤肉飯,雙連市場,台北市大同區民生西路198號,寧夏觀光夜市,799
糖,38,范太太赤肉飯,台灣糖業股份有限公司,台南市仁德區田厝里文華路2段326號,寧夏觀光夜市,800
醬油,38,范太太赤肉飯,金蘭食品股份有限公司,桃園市大溪區介壽路236號,寧夏觀光夜市,801
鹽,38,范太太赤肉飯,台鹽實業股份有限公司,苗栗縣通霄鎮內島里122號,寧夏觀光夜市,802
糖,114號,童年木瓜牛奶,台灣糖業股份有限公司,台南市仁德區田厝里文華路2段326號,寧夏觀光夜市,803
白胡椒,士林市場地下1樓 60,士林昇香腸,濟生股份有限公司,台北市大同區安西街116號,士林觀光夜市,804
味精,士林市場地下1樓 60,士林昇香腸,味丹企業股份有限公司,台中市沙鹿區興安路65號,士林觀光夜市,805
甜辣醬,士林市場地下1樓 60,士林昇香腸,勇盛醬園,新竹縣新豐鄉建興路一段201巷9號之1,士林觀光夜市,806
辣椒粉,士林市場地下1樓 60,士林昇香腸,松井生技開發食品有限公司,嘉義縣太保市後潭里後潭453之5號,士林觀光夜市,807
糖,士林市場地下1樓 60,士林昇香腸,台灣糖業股份有限公司,台南市仁德區田厝里文華路2段326號,士林觀光夜市,808
醬油,士林市場地下1樓 60,士林昇香腸,金蘭食品股份有限公司,桃園市大溪區介壽路236號,士林觀光夜市,809
鹽,士林市場地下1樓 60,士林昇香腸,台鹽實業股份有限公司,苗栗縣通霄鎮內島里122號,士林觀光夜市,810
沙拉油,廣州街龍山國小側門前,深海郭魚湯,台灣糖業股份有限公司,台南市仁德區田厝里文華路2段326號,廣州街觀光夜市,812
味精,廣州街龍山國小側門前,深海郭魚湯,味全食品工業股份有限公司,台北市中山區松江路125號,廣州街觀光夜市,813
糖,廣州街龍山國小側門前,深海郭魚湯,台灣糖業股份有限公司,台南市仁德區田厝里文華路2段326號,廣州街觀光夜市,814
醬油,廣州街龍山國小側門前,深海郭魚湯,金蘭食品股份有限公司,桃園市大溪區介壽路236號,廣州街觀光夜市,815
鹽,廣州街龍山國小側門前,深海郭魚湯,台鹽實業股份有限公司,苗栗縣通霄鎮內島里122號,廣州街觀光夜市,816
味精,遼寧街44號左旁巷口,丁媽媽水餃,味丹企業股份有限公司,台中市沙鹿區興安路65號,遼寧街夜市,817
香油,遼寧街44號左旁巷口,丁媽媽水餃,辰邦股份有限公司,新北市新莊區化成路403巷47號,遼寧街夜市,818
特白胡椒粉,遼寧街44號左旁巷口,丁媽媽水餃,濟生股份有限公司,台北市大同區安西街116號,遼寧街夜市,819
高級精鹽,遼寧街44號左旁巷口,丁媽媽水餃,台鹽實業股份有限公司,苗栗縣通霄鎮內島里122號,遼寧街夜市,820
高鮮味精,遼寧街44號左旁巷口,丁媽媽水餃,味全食品工業股份有限公司,台北市中山區松江路125號,遼寧街夜市,821
貳號砂糖,遼寧街44號左旁巷口,丁媽媽水餃,台灣糖業股份有限公司,台南市仁德區田厝里文華路2段326號,遼寧街夜市,822
醬油,遼寧街44號左旁巷口,丁媽媽水餃,萬家香醬園股份有限公司,台北市中山區德惠街9號5樓之6,遼寧街夜市,823
鰹魚粉,遼寧街44號左旁巷口,丁媽媽水餃,台灣味之素股份有限公司,台北市中山區民權東路三段6號10樓,遼寧街夜市,824
五味醬,中華路一段311巷42號,康師傅海鮮什錦麵疙瘩,自製,台灣,南機場夜市,825
胡椒粉,中華路一段311巷42號,康師傅海鮮什錦麵疙瘩,隆安蔘藥行,台北市中正區中華路二段313巷1號,南機場夜市,826
辣椒醬,中華路一段311巷42號,康師傅海鮮什錦麵疙瘩,香山食品廠(香山麻油辣椒醬),新竹市香山區牛埔路280號,南機場夜市,827
豬油,中華路一段311巷42號,康師傅海鮮什錦麵疙瘩,自製,台灣,南機場夜市,828
醋,中華路一段311巷42號,康師傅海鮮什錦麵疙瘩,工研烏醋(大安工研食品股份有限公司),臺北市忠孝東路三段10巷1號,南機場夜市,829
糖,中華路一段311巷42號,康師傅海鮮什錦麵疙瘩,台灣糖業股份有限公司,台南市仁德區田厝里文華路2段326號,南機場夜市,830
醬油,中華路一段311巷42號,康師傅海鮮什錦麵疙瘩,金蘭食品股份有限公司,桃園市大溪區介壽路236號,南機場夜市,831
鹽,中華路一段311巷42號,康師傅海鮮什錦麵疙瘩,台鹽實業股份有限公司,台南市南區健康路1段297號,南機場夜市,832
味精,(日)中華路二段309巷20號旁,阿嬌油飯,味王股份有限公司,台北市中山區聚盛里中山北路2段79號5樓,南機場夜市,833
香油,(日)中華路二段309巷20號旁,阿嬌油飯,萬家香醬園股份有限公司,台北市中山區德惠街9號5樓之6,南機場夜市,834
黑糖,(日)中華路二段309巷20號旁,阿嬌油飯,寶山糖業有限公司,新竹縣寶山鄉寶新路312號,南機場夜市,835
豬油,(日)中華路二段309巷20號旁,阿嬌油飯,自製,臺灣,南機場夜市,836
醋,(日)中華路二段309巷20號旁,阿嬌油飯,大安工研食品工廠股份有限公司,台北市大安區忠孝東路3段10巷1號,南機場夜市,837
醬油,(日)中華路二段309巷20號旁,阿嬌油飯,味王股份有限公司,台北市中山區聚盛里中山北路2段79號5樓,南機場夜市,838
鹽,(日)中華路二段309巷20號旁,阿嬌油飯,台鹽實業股份有限公司,苗栗縣通霄鎮內島里122號,南機場夜市,839
沙拉油,士林市場地下1樓 009號,陳記大餅包小餅,大統益股份有限公司,台南市官田區二鎮里工業西路32號,士林觀光夜市,840
糖,士林市場地下1樓 009號,陳記大餅包小餅,台灣糖業股份有限公司,台南市仁德區田厝里文華路2段326號,士林觀光夜市,841
鹽,士林市場地下1樓 009號,陳記大餅包小餅,台鹽實業股份有限公司,苗栗縣通霄鎮內島里122號,士林觀光夜市,842
沙茶醬,中華路二段309巷口,胡記大腸麵線,好帝一食品有限公司,台南市新市區大營里豐榮160號,南機場夜市,843
味精,中華路二段309巷口,胡記大腸麵線,味王股份有限公司,台北市中山區聚盛里中山北路2段79號5樓,南機場夜市,844
辣椒醬,中華路二段309巷口,胡記大腸麵線,十全特好食品股份有限公司,新竹縣竹北市鳳岡路三段398號,南機場夜市,845
醋,中華路二段309巷口,胡記大腸麵線,大安工研食品工廠股份有限公司,台北市大安區忠孝東路3段10巷1號,南機場夜市,846
糖,中華路二段309巷口,胡記大腸麵線,台灣糖業股份有限公司,台南市仁德區田厝里文華路2段326號,南機場夜市,847
醬油膏,中華路二段309巷口,胡記大腸麵線,鮮大王食品工業股份有限公司,桃園市平鎮區關爺東路35號,南機場夜市,848
鹽,中華路二段309巷口,胡記大腸麵線,台鹽實業股份有限公司,苗栗縣通霄鎮內島里122號,南機場夜市,849
糖,168號前,豆花綠豆粉圓,台灣糖業股份有限公司,台南市仁德區田厝里文華路2段326號,西昌街觀光夜市,850
沙茶醬,中華路二段311巷轉角,古早味碳烤玉米,好帝一食品有限公司,台南市新市區大營里豐榮160號,南機場夜市,851
豬油,中華路二段311巷轉角,古早味碳烤玉米,自製,台灣,南機場夜市,852
糖,中華路二段311巷轉角,古早味碳烤玉米,台灣糖業股份有限公司,台南市仁德區田厝里文華路2段326號,南機場夜市,853
醬油,中華路二段311巷轉角,古早味碳烤玉米,金蘭食品股份有限公司,桃園市大溪區介壽路236號,南機場夜市,854
鹽,中華路二段311巷轉角,古早味碳烤玉米,台鹽實業股份有限公司,苗栗縣通霄鎮內島里122號,南機場夜市,855
沙拉油,廣州街觀光夜市龍山國小旁,甲林鐵板燒,大成長城企業股份有限公司,台南市永康區蔦松二街3號,廣州街觀光夜市,856
糖,廣州街觀光夜市龍山國小旁,甲林鐵板燒,台灣糖業股份有限公司,台南市仁德區田厝里文華路2段326號,廣州街觀光夜市,857
醬油,廣州街觀光夜市龍山國小旁,甲林鐵板燒,金蘭食品股份有限公司,桃園市大溪區介壽路236號,廣州街觀光夜市,858
鹽,廣州街觀光夜市龍山國小旁,甲林鐵板燒,台鹽實業股份有限公司,苗栗縣通霄鎮內島里122號,廣州街觀光夜市,859
台糖,103號攤,刈包,台灣糖業股份有限公司,台南市仁德區田厝里文華路2段326號,西昌街觀光夜市,860
台鹽,103號攤,刈包,台鹽實業股份有限公司,苗栗縣通霄鎮內島里122號,西昌街觀光夜市,861
醬油,103號攤,刈包,金蘭食品股份有限公司,桃園市大溪區介壽路236號,西昌街觀光夜市,862
味精,士林市場地下1樓 078號,488老店,味全食品工業股份有限公司,台北市中山區松江路125號,士林觀光夜市,863
豬油,士林市場地下1樓 078號,488老店,美食家食材通路股份有限公司,台南市安平區永華路二段373號,士林觀光夜市,864
糖,士林市場地下1樓 078號,488老店,台灣糖業股份有限公司,台南市仁德區田厝里文華路2段326號,士林觀光夜市,865
醬油,士林市場地下1樓 078號,488老店,金蘭食品股份有限公司,桃園市大溪區介壽路236號,士林觀光夜市,866
鹽,士林市場地下1樓 078號,488老店,台鹽實業股份有限公司,苗栗縣通霄鎮內島里122號,士林觀光夜市,867
沙拉油,遼寧街朱崙公園旁(08),香菇鹹粥,美食家食材通路股份有限公司,台南市安平區永華路二段373號,遼寧街夜市,868
味精,遼寧街朱崙公園旁(08),香菇鹹粥,信成油廠股份有限公司,台北市大同區民生西路96號,遼寧街夜市,869
烏醋,遼寧街朱崙公園旁(08),香菇鹹粥,合將整合行銷股份有限公司,台北市內湖區基湖路35巷16號8樓之4,遼寧街夜市,870
糖,遼寧街朱崙公園旁(08),香菇鹹粥,台灣糖業股份有限公司,台南市仁德區田厝里文華路2段326號,遼寧街夜市,871
醬油,遼寧街朱崙公園旁(08),香菇鹹粥,丸莊食品工業股份有限公司,雲林縣二崙鄉隆興路12之30號,遼寧街夜市,872
鹽,遼寧街朱崙公園旁(08),香菇鹹粥,台鹽實業股份有限公司,苗栗縣通霄鎮內島里122號,遼寧街夜市,873
沙拉油,饒河街191號,施老板,松山農產行,台北市信義區虎林街48之2號,饒河街觀光夜市,874
辣椒粉,饒河街191號,施老板,松山農產行,台北市信義區虎林街48之2號,饒河街觀光夜市,875
糖,饒河街191號,施老板,松山農產行,台北市信義區虎林街48之2號,饒河街觀光夜市,876
鹽,饒河街191號,施老板,松山農產行,台北市信義區虎林街48之2號,饒河街觀光夜市,877
醬油膏,中華路二段309巷口,蛋餅,新亞醬園,新北市蘆洲區長安街285巷18號1樓,南機場夜市,901
沙拉油,遼寧街遼寧街朱崙公園旁(02),格登炸雞,美食家食材通路股份有限公司,台南市安平區永華路二段373號,遼寧街夜市,878
胡椒粉,遼寧街遼寧街朱崙公園旁(02),格登炸雞,自製,台灣,遼寧街夜市,879
辣椒粉,遼寧街遼寧街朱崙公園旁(02),格登炸雞,自製,台灣,遼寧街夜市,880
沙拉油,遼寧街夜市朱崙公園前(05),甜不辣,統一企業股份有限公司,台南市永康區鹽行里中正路301號,遼寧街夜市,881
香油,遼寧街夜市朱崙公園前(05),甜不辣,真老麻油,新北市三峽區中華路74-1號,遼寧街夜市,882
甜辣醬,遼寧街夜市朱崙公園前(05),甜不辣,金蘭食品股份有限公司,桃園市大溪區介壽路236號,遼寧街夜市,883
辣椒醬,遼寧街夜市朱崙公園前(05),甜不辣,自製,台灣,遼寧街夜市,884
糖,遼寧街夜市朱崙公園前(05),甜不辣,台灣糖業股份有限公司,台南市仁德區田厝里文華路2段326號,遼寧街夜市,885
醬油,遼寧街夜市朱崙公園前(05),甜不辣,金蘭食品股份有限公司,桃園市大溪區介壽路236號,遼寧街夜市,886
醬油膏,遼寧街夜市朱崙公園前(05),甜不辣,源珍食品加工廠,新竹市東區西大路221號,遼寧街夜市,887
鹽,遼寧街夜市朱崙公園前(05),甜不辣,台鹽實業股份有限公司,苗栗縣通霄鎮內島里122號,遼寧街夜市,888
味素,43,秋雲潤餅,味王股份有限公司,台北市中山區聚盛里中山北路2段79號5樓,寧夏觀光夜市,889
咖哩粉,43,秋雲潤餅,濟生股份有限公司,台北市大同區安西街116號,寧夏觀光夜市,890
甜辣醬,43,秋雲潤餅,三豐食品工廠,新北市新莊區化成路100號,寧夏觀光夜市,891
豬油,43,秋雲潤餅,大台北果菜市場,新北市蘆洲區復興路410巷11號,寧夏觀光夜市,892
鹽,43,秋雲潤餅,台鹽實業股份有限公司,苗栗縣通霄鎮內島里122號,寧夏觀光夜市,893
沙拉油,雙城街攤販臨時集中場(夜36),台灣第一香香雞排,大統益股份有限公司,台南市官田區二鎮里工業西路32號,雙城街夜市,894
糖,雙城街攤販臨時集中場(夜36),台灣第一香香雞排,台灣糖業股份有限公司,台南市仁德區田厝里文華路2段326號,雙城街夜市,895
鹽,雙城街攤販臨時集中場(夜36),台灣第一香香雞排,台鹽實業股份有限公司,苗栗縣通霄鎮內島里122號,雙城街夜市,896
沙拉油,中華路二段309巷口,蛋餅,大成長城企業股份有限公司,台北市內湖區文湖街20號8樓,南機場夜市,897
味精,中華路二段309巷口,蛋餅,味王股份有限公司,台北市中山區聚盛里中山北路2段79號5樓,南機場夜市,898
香油,中華路二段309巷口,蛋餅,辰邦股份有限公司,新北市新莊區化成路403巷47號,南機場夜市,899
糖,中華路二段309巷口,蛋餅,台灣糖業股份有限公司,台南市仁德區田厝里文華路2段326號,南機場夜市,900
醋,士林市場地下1樓45,蓁品美食,無品牌,台灣,士林觀光夜市,3307
鹽,中華路二段309巷口,蛋餅,台鹽實業股份有限公司,苗栗縣通霄鎮內島里122號,南機場夜市,902
沙拉油,中華路二段309巷-311巷間,兩喜號魷魚羹,大成長城企業股份有限公司,台南市永康區蔦松二街3號,南機場夜市,903
烏醋,中華路二段309巷-311巷間,兩喜號魷魚羹,大安工研食品工廠股份有限公司,台北市大安區忠孝東路3段10巷1號,南機場夜市,904
糖,中華路二段309巷-311巷間,兩喜號魷魚羹,台灣糖業股份有限公司,台南市仁德區田厝里文華路2段326號,南機場夜市,905
醬油,中華路二段309巷-311巷間,兩喜號魷魚羹,味全食品工業股份有限公司,台北市中山區松江路125號,南機場夜市,906
鹽,中華路二段309巷-311巷間,兩喜號魷魚羹,台鹽實業股份有限公司,台南市南區健康路1段297號,南機場夜市,907
沙拉油,廣州街觀光夜市廣州街(龍山國小前),鱸魚湯,美食家食材通路股份有限公司,台南市安平區永華路二段373號,廣州街觀光夜市,908
味精,廣州街觀光夜市廣州街(龍山國小前),鱸魚湯,味全食品工業股份有限公司,台北市中山區松江路125號,廣州街觀光夜市,909
香油,廣州街觀光夜市廣州街(龍山國小前),鱸魚湯,福壽實業股份有限公司,台中市沙鹿區沙田路45號,廣州街觀光夜市,910
糖,廣州街觀光夜市廣州街(龍山國小前),鱸魚湯,台灣糖業股份有限公司,台南市仁德區田厝里文華路2段326號,廣州街觀光夜市,911
醬油,廣州街觀光夜市廣州街(龍山國小前),鱸魚湯,金蘭食品股份有限公司,桃園市大溪區介壽路236號,廣州街觀光夜市,912
鹽,廣州街觀光夜市廣州街(龍山國小前),鱸魚湯,台鹽實業股份有限公司,苗栗縣通霄鎮內島里122號,廣州街觀光夜市,913
沙茶醬,梧州街、廣州街交叉口,青蛙湯,藝多廚食材股份有限公司,台北市內湖區安康路143號1樓,梧州街觀光夜市,914
味精,梧州街、廣州街交叉口,青蛙湯,味全食品工業股份有限公司,台北市中山區松江路125號,梧州街觀光夜市,915
烏醋,梧州街、廣州街交叉口,青蛙湯,萬家香醬園股份有限公司,台北市中山區德惠街9號5樓之6,梧州街觀光夜市,916
豬油,梧州街、廣州街交叉口,青蛙湯,台北縣肉品市場,台北縣樹林鎮俊安街43號,梧州街觀光夜市,917
糖,梧州街、廣州街交叉口,青蛙湯,台灣糖業股份有限公司,台南市仁德區田厝里文華路2段326號,梧州街觀光夜市,918
醬油,梧州街、廣州街交叉口,青蛙湯,雙美人醬油,台北市大同區環河北路一段331號,梧州街觀光夜市,919
鹽,梧州街、廣州街交叉口,青蛙湯,台鹽實業股份有限公司,苗栗縣通霄鎮內島里122號,梧州街觀光夜市,920
豬油(豬腳油脂),梧州街龍山托兒所旁(鄰廣州街),香菇豬腳,自製,台灣,梧州街觀光夜市,921
味素,46,郭魚湯,味丹企業股份有限公司,台中市沙鹿區興安路65號,寧夏觀光夜市,2824
醬油,梧州街龍山托兒所旁(鄰廣州街),香菇豬腳,味全食品工業股份有限公司,台北市中山區松江路125號,梧州街觀光夜市,922
鹽,梧州街龍山托兒所旁(鄰廣州街),香菇豬腳,台鹽實業股份有限公司,苗栗縣通霄鎮內島里122號,梧州街觀光夜市,923
沙拉油,梧州街龍山托兒所前,本地牛肉,大成長城企業股份有限公司,台南市永康區蔦松二街3號,梧州街觀光夜市,924
醬油,梧州街龍山托兒所前,本地牛肉,源珍食品加工廠,新竹市東區西大路221號,梧州街觀光夜市,925
鹽,梧州街龍山托兒所前,本地牛肉,台鹽實業股份有限公司,苗栗縣通霄鎮內島里122號,梧州街觀光夜市,926
沙拉油,梧州街龍山托兒所前,李家過魚湯,大成長城企業股份有限公司,台北市內湖區文湖街20號8樓,梧州街觀光夜市,927
味噌,梧州街龍山托兒所前,李家過魚湯,明德食品工業股份有限公司,高雄市阿蓮區復安村172號,梧州街觀光夜市,928
糖,梧州街龍山托兒所前,李家過魚湯,台灣糖業股份有限公司,台南市仁德區田厝里文華路2段326號,梧州街觀光夜市,929
醬油,梧州街龍山托兒所前,李家過魚湯,源珍食品加工廠,新竹市東區西大路221號,梧州街觀光夜市,930
鹽,梧州街龍山托兒所前,李家過魚湯,台鹽實業股份有限公司,苗栗縣通霄鎮內島里122號,梧州街觀光夜市,931
冰糖,33,168純鮮飲,媽媽家食品企業有限公司,台北市大同區迪化街一段180號,寧夏觀光夜市,932
果糖,33,168純鮮飲,豐年豐和企業股份有限公司,台南市東區裕農路375號8樓,寧夏觀光夜市,933
油膏,雙城街攤販臨時集中場(夜12),鄉村鵝肉,金蘭食品股份有限公司,桃園市大溪區介壽路236號,雙城街夜市,934
豬油,雙城街攤販臨時集中場(夜12),鄉村鵝肉,自製,臺灣,雙城街夜市,935
糖,雙城街攤販臨時集中場(夜12),鄉村鵝肉,台灣糖業股份有限公司,台南市仁德區田厝里文華路2段326號,雙城街夜市,936
醬油,雙城街攤販臨時集中場(夜12),鄉村鵝肉,丸莊食品工業股份有限公司,雲林縣二崙鄉隆興路12之30號,雙城街夜市,937
鵝油,雙城街攤販臨時集中場(夜12),鄉村鵝肉,自製,臺灣,雙城街夜市,938
鹽,雙城街攤販臨時集中場(夜12),鄉村鵝肉,台鹽實業股份有限公司,苗栗縣通霄鎮內島里122號,雙城街夜市,939
香油,雙城街臨時攤販集中場(夜07),滷味香,辰邦股份有限公司,新北市新莊區化成路403巷47號,雙城街夜市,940
辣椒油,雙城街臨時攤販集中場(夜07),滷味香,順頎食品有限公司,新北市新莊區五工路73號,雙城街夜市,941
糖,雙城街臨時攤販集中場(夜07),滷味香,台灣糖業股份有限公司,台南市仁德區田厝里文華路2段326號,雙城街夜市,942
醬油,雙城街臨時攤販集中場(夜07),滷味香,萬家香醬園股份有限公司,台北市中山區德惠街9號5樓之6,雙城街夜市,943
沙拉油,57-61,杜家美食,無品牌,台灣,士林觀光夜市,3308
鹽,雙城街臨時攤販集中場(夜07),滷味香,台鹽實業股份有限公司,苗栗縣通霄鎮內島里122號,雙城街夜市,944
米酒,遼寧街65號對面,勝利蚵仔煎,臺灣菸酒股份有限公司,台北市中正區南昌路一段4號,遼寧街夜市,945
沙拉油,遼寧街65號對面,勝利蚵仔煎,大成長城企業股份有限公司,台南市永康區蔦松二街3號,遼寧街夜市,946
沙茶醬,遼寧街65號對面,勝利蚵仔煎,好帝一食品有限公司,台南市新市區大營里豐榮160號,遼寧街夜市,947
香油,遼寧街65號對面,勝利蚵仔煎,辰邦股份有限公司,新北市新莊區化成路403巷47號,遼寧街夜市,948
辣椒醬,遼寧街65號對面,勝利蚵仔煎,自製,台灣,遼寧街夜市,949
糖,遼寧街65號對面,勝利蚵仔煎,台灣糖業股份有限公司,台南市仁德區田厝里文華路2段326號,遼寧街夜市,950
醬油,遼寧街65號對面,勝利蚵仔煎,味全食品工業股份有限公司,台北市中山區松江路125號,遼寧街夜市,951
醬油膏,遼寧街65號對面,勝利蚵仔煎,丸莊食品工業股份有限公司,雲林縣二崙鄉隆興路12之30號,遼寧街夜市,952
鹽,遼寧街65號對面,勝利蚵仔煎,台鹽實業股份有限公司,苗栗縣通霄鎮內島里122號,遼寧街夜市,953
沙拉油,饒河街夜市路中236號,北方水煎包,美食家食材通路股份有限公司,台南市安平區永華路二段373號,饒河街觀光夜市,954
沙拉油,饒河街夜市路中236號,北方水煎包,美食家食材通路股份有限公司,台南市安平區永華路二段373號,饒河街觀光夜市,955
味精,饒河街夜市路中236號,北方水煎包,味丹企業股份有限公司,台中市沙鹿區興安路65號,饒河街觀光夜市,956
油膏,饒河街夜市路中236號,北方水煎包,新亞醬園有限公司,新北市蘆洲區長安街285巷18號1樓,饒河街觀光夜市,957
香油,饒河街夜市路中236號,北方水煎包,辰邦股份有限公司,新北市新莊區化成路403巷47號,饒河街觀光夜市,958
香油,饒河街夜市路中236號,北方水煎包,辰邦股份有限公司,新北市新莊區化成路403巷47號,饒河街觀光夜市,959
糖,饒河街夜市路中236號,北方水煎包,台灣糖業股份有限公司,台南市仁德區田厝里文華路2段326號,饒河街觀光夜市,960
醬油,饒河街夜市路中236號,北方水煎包,金蘭食品股份有限公司,桃園市大溪區介壽路236號,饒河街觀光夜市,961
鹽,饒河街夜市路中236號,北方水煎包,台鹽實業股份有限公司,苗栗縣通霄鎮內島里122號,饒河街觀光夜市,962
鹽,饒河街夜市路中236號,北方水煎包,台鹽實業股份有限公司,苗栗縣通霄鎮內島里122號,饒河街觀光夜市,963
芝麻香油,50,山東赤肉蒸餃,日發麻油行,新北市三重區瑞德里11鄰仁興街24巷2號1樓,寧夏觀光夜市,964
醬油,50,山東赤肉蒸餃,丸莊食品工業股份有限公司,雲林縣二崙鄉隆興路12之30號,寧夏觀光夜市,965
胡椒粉,122,邱記碳烤,三和香料有限公司,台南市東區東門路一段23號,寧夏觀光夜市,1009
沙拉油,士林市場地下1樓 040、041號,臭豆腐之家,大成長城企業股份有限公司,台南市永康區蔦松二街3號,士林觀光夜市,966
辣椒醬,士林市場地下1樓 040、041號,臭豆腐之家,三豐食品工廠,新北市新莊區化成路100號,士林觀光夜市,967
醬油,士林市場地下1樓 040、041號,臭豆腐之家,金蘭食品股份有限公司,桃園市大溪區介壽路236號,士林觀光夜市,968
鹽,士林市場地下1樓 040、041號,臭豆腐之家,台鹽實業股份有限公司,苗栗縣通霄鎮內島里122號,士林觀光夜市,969
沙拉油,74,醬汁雞排,施協發商號,台北市大同區南京西路107巷46號,寧夏觀光夜市,970
糖,74,醬汁雞排,台糖,台北市大同區南京西路107巷46號,寧夏觀光夜市,971
醬油,74,醬汁雞排,金蘭食品股份有限公司,台北市大同區南京西路107巷46號,寧夏觀光夜市,972
胡椒,中華路二段311巷口,39相思雞,台灣第一家有限公司,新北市土城區成功街2之1號,南機場夜市,973
香油,中華路二段311巷口,39相思雞,信成油廠股份有限公司,台北市大同區民生西路96號,南機場夜市,974
麻辣粉,中華路二段311巷口,39相思雞,廣農企業有限公司,雲林縣莿桐鄉義和村三和116號,南機場夜市,975
辣椒粉,中華路二段311巷口,39相思雞,環球食品商行,嘉義縣民雄鄉興中村義橋1號之4,南機場夜市,976
肉鬆,91,劉芋仔蛋黃芋餅,濱江市場,台北市中山區民族東路336號,寧夏觀光夜市,977
沙拉油,91,劉芋仔蛋黃芋餅,大統益股份有限公司,台南市官田區二鎮里工業西路32號,寧夏觀光夜市,978
沙拉醬,182,鳳梨蝦球,瑞西食品有限公司,新北市板橋區中山路2段412巷21弄10號,寧夏觀光夜市,979
泰式醬,182,鳳梨蝦球,永有食品有限公司,新北市土城區民生街3號之8,寧夏觀光夜市,980
蜂蜜芥末,182,鳳梨蝦球,迪化街商圈,台北市大同區迪化街一段,寧夏觀光夜市,981
沙拉油,士林市場地下1樓6,蔡京翰棺材板,美食家食材通路股份有限公司,台南市安平區永華路二段373號,士林觀光夜市,982
味精,士林市場地下1樓6,蔡京翰棺材板,味全食品工業股份有限公司,台北市中山區松江路125號,士林觀光夜市,983
糖,士林市場地下1樓6,蔡京翰棺材板,台灣糖業股份有限公司,台南市仁德區田厝里文華路2段326號,士林觀光夜市,984
鹽,士林市場地下1樓6,蔡京翰棺材板,台鹽實業股份有限公司,苗栗縣通霄鎮內島里122號,士林觀光夜市,985
沙拉油,南松山廣場,八爪轟炸鮮魷魚,美食家食材通路股份有限公司,台南市安平區永華路二段373號,饒河街觀光夜市,986
芥末,南松山廣場,八爪轟炸鮮魷魚,其美有限公司,台北市信義區松山路156之1號,饒河街觀光夜市,987
蒜泥,南松山廣場,八爪轟炸鮮魷魚,環南市場,台北市萬華區環河南路二段245號,饒河街觀光夜市,988
萬上味噌,46,郭魚湯,華泰行食品工廠,新北市新莊區新莊路67號,寧夏觀光夜市,2825
沙拉油,饒河街111號,韓樓豆腐鍋,大統益股份有限公司,台南市官田區二鎮里工業西路32號,饒河街觀光夜市,989
